"ACS Applied Materials & Interfaces","ACS Appl. Mater. Interfaces"
"ACS Applied Nano Materials","ACS Appl. Nano Mater."
"ACS Biomaterials Science & Engineering","ACS Biomater. Sci. Eng."
"ACS Catalysis","ACS Catal."
"ACS Central Science","ACS Cent. Sci."
"ACS Chemical Biology","ACS Chem. Biol."
"ACS Chemical Neuroscience","ACS Chem. Neurosci."
"ACS Combinatorial Science","ACS Comb. Sci."
"ACS Energy Letters","ACS Energy Lett."
"ACS Infectious Diseases","ACS Infect. Dis."
"ACS Macro Letters","ACS Macro Lett."
"ACS Medicinal Chemistry Letters","ACS Med. Chem. Lett."
"ACS Nano","ACS Nano"
"ACS Photonics","ACS Photonics"
"ACS Sensors","ACS Sens."
"ACS Sustainable Chemistry & Engineering","ACS Sustainable Chem. Eng."
"ACS Symposium Series","ACS Symp. Ser."
"ACS Synthetic Biology","ACS Synth. Biol."
"AIChE Journal","AIChE J."
"ARKIVOC (Gainesville, FL, United States)","ARKIVOC (Gainesville, FL, U. S.)"
"Accounts of Chemical Research","Acc. Chem. Res."
"Acta Biochimica Polonica","Acta Biochim. Pol."
"Acta Chimica Slovaca","Acta Chim. Slovaca"
"Acta Chimica Slovenica","Acta Chim. Slov."
"Acta Crystallographica, Section A: Foundations and Advances","Acta Crystallogr., Sect. A: Found. Adv."
"Acta Crystallographica, Section B: Structural Science, Crystal Engineering and Materials","Acta Crystallogr., Sect. B: Struct. Sci., Cryst. Eng. Mater."
"Acta Crystallographica, Section C: Structural Chemistry","Acta Crystallogr., Sect. C: Struct. Chem."
"Acta Crystallographica, Section D: Biological Crystallography","Acta Crystallogr., Sect. D: Biol. Crystallogr."
"Acta Crystallographica, Section E: Crystallographic Communications","Acta Crystallogr., Sect. E: Crystallogr. Commun."
"Acta Crystallographica, Section F: Structural Biology Communications","Acta Crystallogr., Sect. F: Struct. Biol. Commun."
"Acta Materialia","Acta Mater."
"Acta Pharmaceutica (Zagreb, Croatia)","Acta Pharm. (Zagreb, Croatia)"
"Acta Pharmacologica Sinica","Acta Pharmacol. Sin."
"Acta Physica Polonica A","Acta Phys. Pol. A"
"Acta Physiologica","Acta Physiol."
"Adsorption","Adsorption"
"Adsorption Science & Technology","Adsorpt. Sci. Technol."
"Advanced Drug Delivery Reviews","Adv. Drug Delivery Rev."
"Advanced Electronic Materials","Adv. Electron. Mater."
"Advanced Energy Materials","Adv. Energy Mater."
"Advanced Functional Materials","Adv. Funct. Mater."
"Advanced Healthcare Materials","Adv. Healthcare Mater."
"Advanced Materials","Adv. Mater."
"Advanced Materials (Weinheim, Germany)","Adv. Mater. (Weinheim, Ger.)"
"Advances Materials Technologies","Adv. Mat. Technol."
"Advanced Optical Materials","Adv. Opt. Mater."
"Advanced Synthesis & Catalysis","Adv. Synth. Catal."
"Advances in Applied Ceramics","Adv. Appl. Ceram."
"Advances in Chemical Physics","Adv. Chem. Phys."
"Advances in Chromatography (Boca Raton, FL, United States)","Adv. Chromatogr. (Boca Raton, FL, U. S.)"
"Advances in Colloid and Interface Science","Adv. Colloid Interface Sci."
"Advances in Electrochemical Science and Engineering","Adv. Electrochem. Sci. Eng."
"Advances in Enzyme Research","Adv. Enzyme Res."
"Advances in Inorganic Chemistry","Adv. Inorg. Chem."
"Advances in Polymer Science","Adv. Polym. Sci."
"Advances in Polymer Technology","Adv. Polym. Technol."
"Advances in X-Ray Analysis","Adv. X-Ray Anal."
"Aerosol Science and Technology","Aerosol Sci. Technol."
"Afinidad","Afinidad"
"Aging Cell","Aging Cell"
"American Ceramic Society Bulletin","Am. Ceram. Soc. Bull."
"American Chemical Science Journal","Am. Chem. Sci. J."
"American Journal of Clinical Nutrition","Am. J. Clin. Nutr."
"American Journal of Human Genetics","Am. J. Hum. Genet."
"American Journal of Physiology","Am. J. Physiol."
"American journal of physiology. Gastrointestinal and liver physiology","Am. J. Physiol. Gastrointest. Liver Physiol."
"American Journal of Respiratory Cell and Molecular Biology","Am. J. Respir. Cell Mol. Biol."
"Amino Acids","Amino Acids"
"Analyst (Cambridge, United Kingdom)","Analyst (Cambridge, U. K.)"
"Analytica Chimica Acta","Anal. Chim. Acta"
"Analytical Biochemistry","Anal. Biochem."
"Analytical Chemistry (Washington, DC, United States)","Anal. Chem. (Washington, DC, U. S.)"
"Analytical Chemistry Letters","Anal. Chem. Lett."
"Analytical Letters","Anal. Lett."
"Analytical Sciences","Anal. Sci."
"Analytical and Bioanalytical Chemistry","Anal. Bioanal. Chem."
"Angewandte Chemie, International Edition","Angew. Chem., Int. Ed."
"Annales Pharmaceutiques Francaises","Ann. Pharm. Fr."
"Annales de Chimie (Cachan, France)","Ann. Chim. (Cachan, Fr.)"
"Annals of internal medicine","Ann. Intern. Med."
"Annals of Nuclear Energy","Ann. Nucl. Energy"
"Annals of Nutrition & Metabolism","Ann. Nutr. Metab."
"Annals of Plastic Surgery","Ann. Plast. Surg."
"Annual Review of Biochemistry","Annu. Rev. Biochem."
"Annual Review of Biomedical Engineering","Annu. Rev. Biomed. Eng."
"Annual Review of Biophysics","Annu. Rev. Biophys."
"Annual Review of Cell and Developmental Biology","Annu. Rev. Cell Dev. Biol."
"Annual Review of Earth and Planetary Sciences","Annu. Rev. Earth Planet. Sci."
"Annual Review of Entomology","Annu. Rev. Entomol."
"Annual Review of Genetics","Annu. Rev. Genet."
"Annual Review of Genomics and Human Genetics","Annu. Rev. Genomics Hum. Genet."
"Annual Review of Immunology","Annu. Rev. Immunol."
"Annual Review of Materials Research","Annu. Rev. Mater. Res."
"Annual Review of Medicine","Annu. Rev. Med."
"Annual Review of Microbiology","Annu. Rev. Microbiol."
"Annual Review of Neuroscience","Annu. Rev. Neurosci."
"Annual Review of Nuclear and Particle Science","Annu. Rev. Nucl. Part. Sci."
"Annual Review of Nutrition","Annu. Rev. Nutr."
"Annual Review of Pathology: Mechanisms of Disease","Annu. Rev. Pathol.: Mech. Dis."
"Annual Review of Pharmacology and Toxicology","Annu. Rev. Pharmacol. Toxicol."
"Annual Review of Physical Chemistry","Annu. Rev. Phys. Chem."
"Annual Review of Physiology","Annu. Rev. Physiol."
"Annual Review of Phytopathology","Annu. Rev. Phytopathol."
"Annual Review of Plant Biology","Annu. Rev. Plant Biol."
"Annual Review of Virology","Annu. Rev. Virol."
"Anti-Cancer Agents in Medicinal Chemistry","Anti-Cancer Agents Med. Chem."
"Anti-Cancer Drugs","Anti-Cancer Drugs"
"Anti-Infective Agents","Anti-Infect. Agents"
"Anti-Inflammatory & Anti-Allergy Agents in Medicinal Chemistry","Anti-Inflammatory Anti-Allergy Agents Med. Chem."
"Antibiotics (Basel, Switzerland)","Antibiotics (Basel, Switz.)"
"Antibiotiki i Khimioterapiya","Antibiot. Khimioter."
"Antimicrobial Agents and Chemotherapy","Antimicrob. Agents Chemother."
"Antioxidants","Antioxidants"
"Antioxidants & Redox Signaling","Antioxid. Redox Signaling"
"Antiviral Research","Antiviral Res."
"Applied Biochemistry and Biotechnology","Appl. Biochem. Biotechnol."
"Applied Biochemistry and Microbiology","Appl. Biochem. Microbiol."
"Applied Catalysis, A: General","Appl. Catal., A"
"Applied Catalysis, B: Environmental","Appl. Catal., B"
"Applied Clay Science","Appl. Clay Sci."
"Applied Geochemistry","Appl. Geochem."
"Applied Microbiology and Biotechnology","Appl. Microbiol. Biotechnol."
"Applied Nanoscience","Appl. Nanosci."
"Applied Organometallic Chemistry","Appl. Organomet. Chem."
"Applied Physics A: Materials Science & Processing","Appl. Phys. A: Mater. Sci. Process."
"Applied Physics B: Lasers and Optics","Appl. Phys. B: Lasers Opt."
"Applied Physics Express","Appl. Phys. Express"
"Applied Physics Letters","Appl. Phys. Lett."
"Applied Physics Reviews","Appl. Phys. Rev."
"Applied Radiation and Isotopes","Appl. Radiat. Isot."
"Applied Spectroscopy","Appl. Spectrosc."
"Applied Surface Science","Appl. Surf. Sci."
"Applied and Environmental Microbiology","Appl. Environ. Microbiol."
"Aquatic Toxicology","Aquat. Toxicol."
"Archaea","Archaea"
"Archiv der Pharmazie (Weinheim, Germany)","Arch. Pharm. (Weinheim, Ger.)"
"Archives of Biochemistry and Biophysics","Arch. Biochem. Biophys."
"Archives of Environmental Contamination and Toxicology","Arch. Environ. Contam. Toxicol."
"Archives of Insect Biochemistry and Physiology","Arch. Insect Biochem. Physiol."
"Archives of Microbiology","Arch. Microbiol."
"Archives of Pharmacal Research","Arch. Pharmacal Res."
"Archives of Physiology and Biochemistry","Arch. Physiol. Biochem."
"Archives of Toxicology","Arch. Toxicol."
"Archives of Virology","Arch. Virol."
"Archivum immunologiae et therapiae experimentalis","Arch. Immunol. Ther. Exp."
"Arteriosclerosis, Thrombosis, and Vascular Biology","Arterioscler., Thromb., Vasc. Biol."
"Asia-Pacific Journal of Chemical Engineering","Asia-Pac. J. Chem. Eng."
"Asian Journal of Chemistry","Asian J. Chem."
"Asian Journal of Organic Chemistry","Asian J. Org. Chem."
"Assay and Drug Development Technologies","Assay Drug Dev. Technol."
"Atherosclerosis (Amsterdam, Netherlands)","Atherosclerosis (Amsterdam, Neth.)"
"Atmospheric Chemistry and Physics","Atmos. Chem. Phys."
"Atmospheric Environment","Atmos. Environ."
"Atomic Energy (New York, NY, United States)","At. Energy (N. Y., NY, U. S.)"
"Atomic Spectroscopy","At. Spectrosc."
"Australian Journal of Chemistry","Aust. J. Chem."
"Autonomic & Autacoid Pharmacology","Auton. Autacoid Pharmacol."
"Azerbaidzhanskii Khimicheskii Zhurnal","Azerb. Khim. Zh."
"BMB Reports","BMB Rep."
"Basic & Clinical Pharmacology & Toxicology","Basic Clin. Pharmacol. Toxicol."
"Beilstein Journal of Nanotechnology","Beilstein J. Nanotechnol."
"Beilstein Journal of Organic Chemistry","Beilstein J. Org. Chem."
"BioChemistry: An Indian Journal","BioChem.: Indian J."
"BioChip Journal","BioChip J."
"BioFactors","BioFactors"
"BioInorganic Reaction Mechanisms","BioInorg. React. Mech."
"BioMetals","BioMetals"
"BioResources","BioResources"
"BioTechniques","BioTechniques"
"Bioactive Carbohydrates and Dietary Fibre","Bioact. Carbohydr. Diet. Fibre"
"Bioanalysis","Bioanalysis"
"Biocatalysis and Biotransformation","Biocatal. Biotransform."
"Biochemical Genetics","Biochem. Genet."
"Biochemical Journal","Biochem. J."
"Biochemical Pharmacology (Amsterdam, Netherlands)","Biochem. Pharmacol. (Amsterdam, Neth.)"
"Biochemical Society Transactions","Biochem. Soc. Trans."
"Biochemical Systematics and Ecology","Biochem. Syst. Ecol."
"Biochemical and Biophysical Research Communications","Biochem. Biophys. Res. Commun."
"Biochemistry","Biochemistry"
"Biochemistry (Moscow)","Biochemistry (Mosc.)"
"Biochemistry and Cell Biology","Biochem. Cell Biol."
"Biochemistry and Molecular Biology Education","Biochem. Mol. Biol. Educ."
"Biochimica et Biophysica Acta, Bioenergetics","Biochim. Biophys. Acta, Bioenerg."
"iochimica et Biophysica Acta, Biomembranes","Biochim. Biophys. Acta, Biomembr."
"iochimica et Biophysica Acta, Biomembranes","Biochim. Biophys. Acta, Biomembr."
"Biochimica et Biophysica Acta, Gene Regulatory Mechanisms","Biochim. Biophys. Acta, Gene Regul. Mech."
"Biochimica et Biophysica Acta, General Subjects","Biochim. Biophys. Acta, Gen. Subj."
"Biochimica et Biophysica Acta, Molecular Basis of Disease","Biochim. Biophys. Acta, Mol. Basis Dis."
"Biochimica et Biophysica Acta, Molecular Cell Research","Biochim. Biophys. Acta, Mol. Cell Res."
"Biochimica et Biophysica Acta, Molecular and Cell Biology of Lipids","Biochim. Biophys. Acta, Mol. Cell Biol. Lipids"
"Biochimica et Biophysica Acta, Proteins and Proteomics","Biochim. Biophys. Acta, Proteins Proteomics"
"Biochimica et Biophysica Acta, Reviews on Cancer","Biochim. Biophys. Acta, Rev. Cancer"
"Biochimie","Biochimie"
"Bioconjugate Chemistry","Bioconjugate Chem."
"Bioelectrochemistry","Bioelectrochemistry"
"Biofuels","Biofuels"
"Biofuels, Bioproducts & Biorefining","Biofuels, Bioprod. Biorefin."
"Biogenic Amines","Biog. Amines"
"Bioinformatics","Bioinformatics"
"Bioinorganic Chemistry and Applications","Bioinorg. Chem. Appl."
"Biological & Pharmaceutical Bulletin","Biol. Pharm. Bull."
"Biological Chemistry","Biol. Chem."
"Biological Trace Element Research","Biol. Trace Elem. Res."
"Biologicheskie Membrany","Biol. Membr."
"Biology of Reproduction","Biol. Reprod."
"Biomacromolecular Mass Spectrometry","Biomacromol. Mass Spectrom."
"Biomacromolecules","Biomacromolecules"
"Biomarkers","Biomarkers"
"Biomarkers in Medicine","Biomarkers Med."
"Biomaterials","Biomaterials"
"Biomaterials Science","Biomater. Sci."
"Biomedical Chromatography","Biomed. Chromatogr."
"Biomedical Materials (Bristol, United Kingdom)","Biomed. Mater. (Bristol, U. K.)"
"Biomedical Research","Biomed. Res."
"Biomeditsinskaya Khimiya","Biomed. Khim."
"Biomolecular Concepts","Biomol. Concepts"
"Biomolecular NMR Assignments","Biomol. NMR Assignments"
"Biomolecules","Biomolecules"
"Bioorganic & Medicinal Chemistry","Bioorg. Med. Chem."
"Bioorganic & Medicinal Chemistry Letters","Bioorg. Med. Chem. Lett."
"Bioorganic Chemistry","Bioorg. Chem."
"Biopharmaceutics & Drug Disposition","Biopharm. Drug Dispos."
"Biophysical Chemistry","Biophys. Chem."
"Biophysical Journal","Biophys. J."
"Biophysics (English Translation)","Biophysics (Engl. Transl.)"
"Biopolymers","Biopolymers"
"Bioprocess and Biosystems Engineering","Bioprocess Biosyst. Eng."
"Bioresource Technology","Bioresour. Technol."
"Bioscience Reports","Biosci. Rep."
"Bioscience, Biotechnology, and Biochemistry","Biosci., Biotechnol., Biochem."
"Biosensors & Bioelectronics","Biosens. Bioelectron."
"Biotechnology Journal","Biotechnol. J."
"Biotechnology Letters","Biotechnol. Lett."
"Biotechnology Progress","Biotechnol. Prog."
"Biotechnology and Applied Biochemistry","Biotechnol. Appl. Biochem."
"Biotechnology and Bioengineering","Biotechnol. Bioeng."
"Biotechnology and Bioprocess Engineering","Biotechnol. Bioprocess Eng."
"Birth Defects Research, Part A: Clinical and Molecular Teratology","Birth Defects Res., Part A"
"Birth Defects Research, Part B: Developmental and Reproductive Toxicology","Birth Defects Res., Part B"
"Birth Defects Research, Part C: Embryo Today--Reviews","Birth Defects Res., Part C"
"Bitamin","Bitamin"
"Blood","Blood"
"Bone Research","Bone Res."
"Bopuxue Zazhi","Bopuxue Zazhi"
"BrJAC--Brazilian Journal of Analytical Chemistry","BrJAC--Braz. J. Anal. Chem."
"Brain Research","Brain Res."
"Breast Cancer Management","Breast Cancer Manage."
"British Journal of Nutrition","Br. J. Nutr."
"British Journal of Pharmacology","Br. J. Pharmacol."
"Bulletin of Environmental Contamination and Toxicology","Bull. Environ. Contam. Toxicol."
"Bulletin of Materials Science","Bull. Mater. Sci."
"Bulletin of the Chemical Society of Japan","Bull. Chem. Soc. Jpn."
"Bulletin of the Korean Chemical Society","Bull. Korean Chem. Soc."
"Bulletin of the Russian Academy of Sciences: Physics","Bull. Russ. Acad. Sci.: Phys."
"Bunseki Kagaku","Bunseki Kagaku"
"CALPHAD: Computer Coupling of Phase Diagrams and Thermochemistry","CALPHAD: Comput. Coupling Phase Diagrams Thermochem."
"CNS & Neurological Disorders: Drug Targets","CNS Neurol. Disord.: Drug Targets"
"CNS Oncology","CNS Oncol."
"CPT: Pharmacometrics & Systems Pharmacology","CPT: Pharmacometrics Syst. Pharmacol."
"Cailiao Rechuli Xuebao","Cailiao Rechuli Xuebao"
"Calcified Tissue International","Calcif. Tissue Int."
"Canadian Journal of Chemical Engineering","Can. J. Chem. Eng."
"Canadian Journal of Chemistry","Can. J. Chem."
"Canadian Journal of Microbiology","Can. J. Microbiol."
"Canadian Journal of Physics","Can. J. Phys."
"Canadian Journal of Physiology and Pharmacology","Can. J. Physiol. Pharmacol."
"Canadian Metallurgical Quarterly","Can. Metall. Q."
"Canadian Mineralogist","Can. Mineral."
"Cancer Cell","Cancer Cell"
"Cancer Gene Therapy","Cancer Gene Ther."
"Cancer Genomics & Proteomics","Cancer Genomics Proteomics"
"Cancer Letters (New York, NY, United States)","Cancer Lett. (N. Y., NY, U. S.)"
"Cancer Research","Cancer Res."
"Cancer Science","Cancer Sci."
"Carbohydrate Polymers","Carbohydr. Polym."
"Carbohydrate Research","Carbohydr. Res."
"Carbon","Carbon"
"Carbon Management","Carbon Manage."
"Carcinogenesis","Carcinogenesis"
"Cardiovascular & Hematological Agents in Medicinal Chemistry","Cardiovasc. Hematol. Agents Med. Chem."
"Cardiovascular & Hematological Disorders: Drug Targets","Cardiovasc. Hematol. Disord.: Drug Targets"
"Cardiovascular Research","Cardiovasc. Res."
"Catalysis Communications","Catal. Commun."
"Catalysis Letters","Catal. Lett."
"Catalysis Reviews: Science and Engineering","Catal. Rev.: Sci. Eng."
"Catalysis Science & Technology","Catal. Sci. Technol."
"Catalysis Today","Catal. Today"
"Catalysts","Catalysts"
"Cell (Cambridge, MA, United States)","Cell (Cambridge, MA, U. S.)"
"Cell Biochemistry and Biophysics","Cell Biochem. Biophys."
"Cell Biochemistry and Function","Cell Biochem. Funct."
"Cell Calcium","Cell Calcium"
"Cell Cycle","Cell Cycle"
"Cell Host & Microbe","Cell Host Microbe"
"Cell Metabolism","Cell Metab."
"Cell Reports","Cell Rep."
"Cell Stem Cell","Cell Stem Cell"
"Cell death and differentiation","Cell Death Differ."
"Cellular Immunology","Cell. Immunol."
"Cellular Microbiology","Cell. Microbiol."
"Cellular Physiology and Biochemistry","Cell. Physiol. Biochem."
"Cellular Polymers","Cell. Polym."
"Cellular Reprogramming","Cell. Reprogramming"
"Cellular and Molecular Life Sciences","Cell. Mol. Life Sci."
"Cellulose Chemistry and Technology","Cellul. Chem. Technol."
"Cement & Concrete Composites","Cem. Concr. Compos."
"Cement and Concrete Research","Cem. Concr. Res."
"Central Nervous System Agents in Medicinal Chemistry","Cent. Nerv. Syst. Agents Med. Chem."
"Ceramics International","Ceram. Int."
"Ceramics-Silikaty","Ceram.-Silik."
"Cereal Chemistry","Cereal Chem."
"Ceska a Slovenska Farmacie","Ceska Slov. Farm."
"ChemBioChem","ChemBioChem"
"ChemCatChem","ChemCatChem"
"ChemElectroChem","ChemElectroChem"
"ChemMedChem","ChemMedChem"
"ChemNanoMat","ChemNanoMat"
"ChemPhysChem","ChemPhysChem"
"ChemPlusChem","ChemPlusChem"
"ChemSusChem","ChemSusChem"
"Chemica Sinica","Chem. Sin."
"Chemical & Pharmaceutical Bulletin","Chem. Pharm. Bull."
"Chemical Biology & Drug Design","Chem. Biol. Drug Des."
"Chemical Communications (Cambridge, United Kingdom)","Chem. Commun. (Cambridge, U. K.)"
"Chemical Engineering & Technology","Chem. Eng. Technol."
"Chemical Engineering Communications","Chem. Eng. Commun."
"Chemical Engineering Journal (Amsterdam, Netherlands)","Chem. Eng. J. (Amsterdam, Neth.)"
"Chemical Engineering Research and Design","Chem. Eng. Res. Des."
"Chemical Engineering Science","Chem. Eng. Sci."
"Chemical Engineering and Processing","Chem. Eng. Process."
"Chemical Geology","Chem. Geol."
"Chemical Papers","Chem. Pap."
"Chemical Physics","Chem. Phys."
"Chemical Physics Letters","Chem. Phys. Lett."
"Chemical Record","Chem. Rec."
"Chemical Research in Chinese Universities","Chem. Res. Chin. Univ."
"Chemical Research in Toxicology","Chem. Res. Toxicol."
"Chemical Reviews (Washington, DC, United States)","Chem. Rev. (Washington, DC, U. S.)"
"Chemical Science","Chem. Sci."
"Chemical Science Transactions","Chem. Sci. Trans."
"Chemical Society Reviews","Chem. Soc. Rev."
"Chemical Speciation and Bioavailability","Chem. Speciation Bioavailability"
"Chemical and Biochemical Engineering Quarterly","Chem. Biochem. Eng. Q."
"Chemicke Listy","Chem. Listy"
"Chemico-Biological Interactions","Chem.-Biol. Interact."
"Chemie Ingenieur Technik","Chem. Ing. Tech."
"Chemie der Erde","Chem. Erde"
"Chemija","Chemija"
"Chemine Technologija (Kaunas, Lithuania)","Chem. Technol. (Kaunas, Lith.)"
"Chemistry & Biodiversity","Chem. Biodiversity"
"Chemistry & Biology (Oxford, United Kingdom)","Chem. Biol. (Oxford, U. K.)"
"Chemistry & Biology Interface","Chem. Biol. Interface"
"Chemistry & Industry (Chichester, United Kingdom)","Chem. Ind. (Chichester, U. K.)"
"Chemistry - A European Journal","Chem. - Eur. J."
"Chemistry - An Asian Journal","Chem. - Asian J."
"Chemistry Journal of Moldova","Chem. J. Mold."
"Chemistry Letters","Chem. Lett."
"Chemistry and Physics of Lipids","Chem. Phys. Lipids"
"Chemistry and Technology of Fuels and Oils","Chem. Technol. Fuels Oils"
"Chemistry of Heterocyclic Compounds (New York, NY, United States)","Chem. Heterocycl. Compd. (N. Y., NY, U. S.)"
"Chemistry of Materials","Chem. Mater."
"Chemistry of Natural Compounds","Chem. Nat. Compd."
"ChemistryOpen","ChemistryOpen"
"Chemometrics and Intelligent Laboratory Systems","Chemom. Intell. Lab. Syst."
"Chemosphere","Chemosphere"
"Chemotherapy (Basel, Switzerland)","Chemotherapy (Basel, Switz.)"
"Chimia","Chimia"
"Chimica e l'Industria (Milan, Italy)","Chim. Ind. (Milan, Italy)"
"Chinese Chemical Letters","Chin. Chem. Lett."
"Chinese Journal of Chemical Engineering","Chin. J. Chem. Eng."
"Chinese Journal of Chemical Physics","Chin. J. Chem. Phys."
"Chinese Journal of Chemistry","Chin. J. Chem."
"Chinese Journal of Geochemistry","Chin. J. Geochem."
"Chinese Journal of Polymer Science","Chin. J. Polym. Sci."
"Chinese Journal of Structural Chemistry","Chin. J. Struct. Chem."
"Chinese Physics C","Chin. Phys. C"
"Chirality","Chirality"
"Chromatographia","Chromatographia"
"Chromatography Research International","Chromatogr. Res. Int."
"Chromosome Research","Chromosome Res."
"Circulation Research","Circ. Res."
"Clay Minerals","Clay Miner."
"Clays and Clay Minerals","Clays Clay Miner."
"Clean: Soil, Air, Water","Clean: Soil, Air, Water"
"Clinica Chimica Acta","Clin. Chim. Acta"
"Clinical cancer research: an official journal of the American Association for Cancer Research","Clin. Cancer Res."
"Clinical Chemistry (Washington, DC, United States)","Clin. Chem. (Washington, DC, U. S.)"
"Clinical Chemistry and Laboratory Medicine","Clin. Chem. Lab. Med."
"Clinical Immunology (Amsterdam, Netherlands)","Clin. Immunol. (Amsterdam, Neth.)"
"Clinical infectious diseases","Clin. Infect. Dis."
"Clinical microbiology reviews","Clin. Microbiol. Rev."
"Clinical Proteomics","Clin. Proteomics"
"Clinical and Experimental Pharmacology and Physiology","Clin. Exp. Pharmacol. Physiol."
"Clinical and Vaccine Immunology","Clin. Vaccine Immunol."
"Coatings","Coatings"
"Colloid Journal","Colloid J."
"Colloid and Polymer Science","Colloid Polym. Sci."
"Colloids and Surfaces, A: Physicochemical and Engineering Aspects","Colloids Surf., A"
"Colloids and Surfaces, B: Biointerfaces","Colloids Surf., B"
"Coloration Technology","Color. Technol."
"Combinatorial Chemistry & High Throughput Screening","Comb. Chem. High Throughput Screening"
"Combustion Science and Technology","Combust. Sci. Technol."
"Combustion and Flame","Combust. Flame"
"Comments on Inorganic Chemistry","Comments Inorg. Chem."
"Communications in Soil Science and Plant Analysis","Commun. Soil Sci. Plant Anal."
"Comparative Biochemistry and Physiology, Part A: Molecular & Integrative Physiology","Comp. Biochem. Physiol., Part A: Mol. Integr. Physiol."
"Comparative Biochemistry and Physiology, Part B: Biochemistry & Molecular Biology","Comp. Biochem. Physiol., Part B: Biochem. Mol. Biol."
"Comparative Biochemistry and Physiology, Part C: Toxicology & Pharmacology","Comp. Biochem. Physiol., Part C: Toxicol. Pharmacol."
"Comparative Biochemistry and Physiology, Part D: Genomics & Proteomics","Comp. Biochem. Physiol., Part D: Genomics Proteomics"
"Comparative Medicine","Comp. Med."
"Complex Metals","Complex Met."
"Comptes Rendus Chimie","C. R. Chim."
"Comptes Rendus Physique","C. R. Phys."
"Computational & Theoretical Chemistry","Comput. Theor. Chem."
"Computational Biology and Chemistry","Comput. Biol. Chem."
"Computational Materials Science","Comput. Mater. Sci."
"Computer Physics Communications","Comput. Phys. Commun."
"Computers & Chemical Engineering","Comput. Chem. Eng."
"Contrast Media & Molecular Imaging","Contrast Media Mol. Imaging"
"Contributions to Mineralogy and Petrology","Contrib. Mineral. Petrol."
"Coordination Chemistry Reviews","Coord. Chem. Rev."
"Corrosion (Houston, TX, United States)","Corrosion (Houston, TX, U. S.)"
"Corrosion Engineering, Science and Technology","Corros. Eng., Sci. Technol."
"Corrosion Reviews","Corros. Rev."
"Corrosion Science","Corros. Sci."
"Critical Reviews in Analytical Chemistry","Crit. Rev. Anal. Chem."
"Critical Reviews in Solid State and Materials Sciences","Crit. Rev. Solid State Mater. Sci."
"Croatica Chemica Acta","Croat. Chem. Acta"
"Cryogenics","Cryogenics"
"CrystEngComm","CrystEngComm"
"Crystal Growth & Design","Cryst. Growth Des."
"Crystal Research and Technology","Cryst. Res. Technol."
"Crystallography Reports","Crystallogr. Rep."
"Crystals","Crystals"
"Cuihua Xuebao","Cuihua Xuebao"
"Current Alzheimer Research","Curr. Alzheimer Res."
"Current Analytical Chemistry","Curr. Anal. Chem."
"Current Bioactive Compounds","Curr. Bioact. Compd."
"Current Bioinformatics","Curr. Bioinf."
"Current Biology","Curr. Biol."
"Current Cancer Drug Targets","Curr. Cancer Drug Targets"
"Current Catalysis","Curr. Catal."
"Current Chemical Biology","Curr. Chem. Biol."
"Current Computer-Aided Drug Design","Curr. Comput.-Aided Drug Des."
"Current Drug Delivery","Curr. Drug Deliv."
"Current Drug Discovery Technologies","Curr. Drug Discov. Technol."
"Current Drug Metabolism","Curr. Drug Metab."
"Current Drug Targets","Curr. Drug Targets"
"Current Enzyme Inhibition","Curr. Enzyme Inhib."
"Current Gene Therapy","Curr. Gene Ther."
"Current Genetics","Curr. Genet."
"Current Genomics","Curr. Genomics"
"Current Green Chemistry","Curr. Green Chem."
"Current HIV Research","Curr. HIV Res."
"Current Immunology Reviews","Curr. Immunol. Rev."
"Current Inorganic Chemistry","Curr. Inorg. Chem."
"Current Medicinal Chemistry","Curr. Med. Chem."
"Current Metabolomics","Curr. Metabolomics"
"Current Microbiology","Curr. Microbiol."
"Current Microwave Chemistry","Curr. Microwave Chem."
"Current Molecular Medicine","Curr. Mol. Med."
"Current Molecular Pharmacology","Curr. Mol. Pharmacol."
"Current Neuropharmacology","Curr. Neuropharmacol."
"Current Opinion in Biotechnology","Curr. Opin. Biotechnol."
"Current Opinion in Cell Biology","Curr. Opin. Cell Biol."
"Current Opinion in Chemical Biology","Curr. Opin. Chem. Biol."
"Current Opinion in Colloid & Interface Science","Curr. Opin. Colloid Interface Sci."
"Current Opinion in Genetics & Development","Curr. Opin. Genet. Dev."
"Current Opinion in Immunology","Curr. Opin. Immunol."
"Current Opinion in Lipidology","Curr. Opin. Lipidol."
"Current Opinion in Neurobiology","Curr. Opin. Neurobiol."
"Current Opinion in Pharmacology","Curr. Opin. Pharmacol."
"Current Opinion in Structural Biology","Curr. Opin. Struct. Biol."
"Current Organic Chemistry","Curr. Org. Chem."
"Current Organic Synthesis","Curr. Org. Synth."
"Current Organocatalysis","Curr. Organocatal."
"Current Pharmaceutical Analysis","Curr. Pharm. Anal."
"Current Pharmaceutical Biotechnology","Curr. Pharm. Biotechnol."
"Current Pharmaceutical Design","Curr. Pharm. Des."
"Current Pharmacogenomics and Personalized Medicine","Curr. Pharmacogenomics Pers. Med."
"Current Protein and Peptide Science","Curr. Protein Pept. Sci."
"Current Proteomics","Curr. Proteomics"
"Current Radiopharmaceuticals","Curr. Radiopharm."
"Current Signal Transduction Therapy","Curr. Signal Transduction Ther."
"Current Stem Cell Research & Therapy","Curr. Stem Cell Res. Ther."
"Current Topics in Medicinal Chemistry (Sharjah, United Arab Emirates)","Curr. Top. Med. Chem. (Sharjah, United Arab Emirates)"
"Current Vascular Pharmacology","Curr. Vasc. Pharmacol."
"Cytokine & Growth Factor Reviews","Cytokine Growth Factor Rev."
"Cytokine+","Cytokine+"
"DNA Repair","DNA Repair"
"DNA Research","DNA Res."
"DNA and Cell Biology","DNA Cell Biol."
"Dalton Transactions","Dalton Trans."
"Dermatologic Clinics","Dermatol. Clin."
"Dermatologic Surgery","Dermatol. Surg."
"Desalination","Desalination"
"Designed Monomers and Polymers","Des. Monomers Polym."
"Development (Cambridge, United Kingdom)","Development (Cambridge, U. K.)"
"Developmental Biology (Amsterdam, Netherlands)","Dev. Biol. (Amsterdam, Neth.)"
"Developmental Cell","Dev. Cell"
"Developmental Neuroscience (Basel, Switzerland)","Dev. Neurosci. (Basel, Switz.)"
"Diabetes","Diabetes"
"Diamond and Related Materials","Diamond Relat. Mater."
"Dianhuaxue","Dianhuaxue"
"Differentiation (Oxford, United Kingdom)","Differentiation (Oxford, U. K.)"
"Digestive diseases and sciences","Dig. Dis. Sci."
"Diqiu Huaxue","Diqiu Huaxue"
"Doklady Biochemistry and Biophysics","Dokl. Biochem. Biophys."
"Doklady Chemistry","Dokl. Chem."
"Doklady Earth Sciences","Dokl. Earth Sci."
"Doklady Physical Chemistry","Dokl. Phys. Chem."
"Doklady Physics","Dokl. Phys."
"Dopovidi Natsional'noi Akademii Nauk Ukraini","Dopov. Nats. Akad. Nauk Ukr."
"Drug Delivery","Drug Delivery"
"Drug Development Research","Drug Dev. Res."
"Drug Development and Industrial Pharmacy","Drug Dev. Ind. Pharm."
"Drug Metabolism & Disposition","Drug Metab. Dispos."
"Drug Metabolism Letters","Drug Metab. Lett."
"Drug Research (Stuttgart, Germany)","Drug Res. (Stuttgart, Ger.)"
"Drug Testing and Analysis","Drug Test. Anal."
"Drug and Chemical Toxicology (1977)","Drug Chem. Toxicol. (1977)"
"Dyes and Pigments","Dyes Pigm."
"ECS Journal of Solid State Science and Technology","ECS J. Solid State Sci. Technol."
"ECS Transactions","ECS Trans."
"EMBO Journal","EMBO J."
"EMBO Molecular Medicine","EMBO Mol. Med."
"EMBO Reports","EMBO Rep."
"EPJ Photovoltaics","EPJ Photovoltaics"
"EPL","EPL"
"Earth and Planetary Science Letters","Earth Planet. Sci. Lett."
"Ecotoxicology","Ecotoxicology"
"Ecotoxicology and Environmental Safety","Ecotoxicol. Environ. Saf."
"Eksperimental'naya i Klinicheskaya Farmakologiya","Eksp. Klin. Farmakol."
"Electroanalysis","Electroanalysis"
"Electrocatalysis","Electrocatalysis"
"Electrochemical Society Interface","Electrochem. Soc. Interface"
"Electrochemistry (Tokyo, Japan)","Electrochemistry (Tokyo, Jpn.)"
"Electrochemistry Communications","Electrochem. Commun."
"Electrochimica Acta","Electrochim. Acta"
"Electronic Materials Letters","Electron. Mater. Lett."
"Electrophoresis","Electrophoresis"
"Endocrine","Endocrine"
"Endocrine, Metabolic & Immune Disorders: Drug Targets","Endocr., Metab. Immune Disord.: Drug Targets"
"Endocrinology","Endocrinology"
"Energotekhnologii i Resursosberezhenie","Energotekhnol. Resursosberezhenie"
"Energy & Fuels","Energy Fuels"
"Engineering in Life Sciences","Eng. Life Sci."
"Environmental Chemistry","Environ. Chem."
"Environmental Chemistry Letters","Environ. Chem. Lett."
"Environmental Engineering Science","Environ. Eng. Sci."
"Environmental Geochemistry and Health","Environ. Geochem. Health"
"Environmental Pollution (Oxford, United Kingdom)","Environ. Pollut. (Oxford, U. K.)"
"Environmental Progress & Sustainable Energy","Environ. Prog. Sustainable Energy"
"Environmental Research","Environ. Res."
"Environmental science and pollution research international","Environ. Sci. Pollut. Res. Int."
"Environmental Science & Technology","Environ. Sci. Technol."
"Environmental Science & Technology Letters","Environ. Sci. Technol. Lett."
"Environmental Science: Nano","Environ. Sci.: Nano"
"Environmental Science: Processes & Impacts","Environ. Sci.: Processes Impacts"
"Environmental Technology","Environ. Technol."
"Environmental Toxicology","Environ. Toxicol."
"Environmental Toxicology and Chemistry","Environ. Toxicol. Chem."
"Environmental Toxicology and Pharmacology","Environ. Toxicol. Pharmacol."
"Environmental and Molecular Mutagenesis","Environ. Mol. Mutagen."
"Enzyme and Microbial Technology","Enzyme Microb. Technol."
"Epigenomics","Epigenomics"
"Eukaryotic Cell","Eukaryot. Cell"
"European Cytokine Network","Eur. Cytokine Netw."
"European Food Research and Technology","Eur. Food Res. Technol."
"European Journal of Cell Biology","Eur. J. Cell Biol."
"European Journal of Chemistry","Eur. J. Chem."
"European Journal of Drug Metabolism and Pharmacokinetics","Eur. J. Drug Metab. Pharmacokinet."
"European Journal of Endocrinology","Eur. J. Endocrinol."
"European Journal of Immunology","Eur. J. Immunol."
"European Journal of Inorganic Chemistry","Eur. J. Inorg. Chem."
"European Journal of Lipid Science and Technology","Eur. J. Lipid Sci. Technol."
"European Journal of Mass Spectrometry","Eur. J. Mass Spectrom."
"European Journal of Medicinal Chemistry","Eur. J. Med. Chem."
"European Journal of Mineralogy","Eur. J. Mineral."
"European Journal of Organic Chemistry","Eur. J. Org. Chem."
"European Journal of Pharmaceutical Sciences","Eur. J. Pharm. Sci."
"European Journal of Pharmacology","Eur. J. Pharmacol."
"European Neuropsychopharmacology","Eur. Neuropsychopharmacol."
"European Physical Journal A: Hadrons and Nuclei","Eur. Phys. J. A"
"European Physical Journal B: Condensed Matter and Complex","Eur. Phys. J. B"
"European Physical Journal B: Condensed Matter and Complex","Eur. Phys. J. B"
"European Physical Journal C: Particles and Fields","Eur. Phys. J. C"
"European Physical Journal D: Atomic, Molecular, Optical and Plasma Physics","Eur. Phys. J. D"
"European Physical Journal E: Soft Matter and Biological Physics","Eur. Phys. J. E: Soft Matter Biol. Phys."
"European Polymer Journal","Eur. Polym. J."
"Experimental & Molecular Medicine","Exp. Mol. Med."
"Experimental Animals","Exp. Anim."
"Experimental Biology and Medicine (London, United Kingdom)","Exp. Biol. Med. (London, U. K.)"
"Experimental Cell Research","Exp. Cell Res."
"Experimental Eye Research","Exp. Eye Res."
"Experimental and Clinical Endocrinology & Diabetes","Exp. Clin. Endocrinol. Diabetes"
"Experimental and Molecular Pathology","Exp. Mol. Pathol."
"Expert Opinion on Investigational Drugs","Expert Opin. Invest. Drugs"
"Expert Opinion on Therapeutic Patents","Expert Opin. Ther. Pat."
"Expert Review of Anti-Infective Therapy","Expert Rev. Anti-Infect. Ther."
"Expert Review of Anticancer Therapy","Expert Rev. Anticancer Ther."
"Expert Review of Cardiovascular Therapy","Expert Rev. Cardiovasc. Ther."
"Expert Review of Clinical Immunology","Expert Rev. Clin. Immunol."
"Expert Review of Clinical Pharmacology","Expert Rev. Clin. Pharmacol."
"Expert Review of Endocrinology & Metabolism","Expert Rev. Endocrinol. Metab."
"Expert Review of Gastroenterology & Hepatology","Expert Rev. Gastroenterol. Hepatol."
"Expert Review of Hematology","Expert Rev. Hematol."
"Expert Review of Medical Devices","Expert Rev. Med. Devices"
"Expert Review of Molecular Diagnostics","Expert Rev. Mol. Diagn."
"Expert Review of Neurotherapeutics","Expert Rev. Neurother."
"Expert Review of Ophthalmology","Expert Rev. Ophthalmol."
"Expert Review of Proteomics","Expert Rev. Proteomics"
"Expert Review of Respiratory Medicine","Expert Rev. Respir. Med."
"Expert Review of Vaccines","Expert Rev. Vaccines"
"FASEB Journal","FASEB J."
"FEBS Journal","FEBS J."
"FEBS Letters","FEBS Lett."
"FEBS Open Bio","FEBS Open Bio"
"Facial Plastic Surgery","Facial Plast. Surg."
"Faraday Discussions","Faraday Discuss."
"Fenxi Huaxue","Fenxi Huaxue"
"Fenzi Cuihua","Fenzi Cuihua"
"Ferroelectrics","Ferroelectrics"
"Ferroelectrics, Letters Section","Ferroelectr., Lett. Sect."
"Fibre Chemistry","Fibre Chem."
"Fire and Materials","Fire Mater."
"Fish Physiology and Biochemistry","Fish Physiol. Biochem."
"Fisheries Science (Tokyo, Japan)","Fish. Sci. (Tokyo, Jpn.)"
"Fizika Metallov i Metallovedenie","Fiz. Met. Metalloved."
"Fluid Phase Equilibria","Fluid Phase Equilib."
"Folia Microbiologica (Dordrecht, Netherlands)","Folia Microbiol. (Dordrecht, Neth.)"
"Food & Function","Food Funct."
"Food Additives & Contaminants, Part A","Food Addit. Contam., Part A"
"Food Additives & Contaminants, Part B: Surveillance","Food Addit. Contam., Part B"
"Food Chemistry","Food Chem."
"Food Hydrocolloids","Food Hydrocolloids"
"Food and Chemical Toxicology","Food Chem. Toxicol."
"Free Radical Biology & Medicine","Free Radical Biol. Med."
"Free Radical Research","Free Radical Res."
"Fresenius Environmental Bulletin","Fresenius Environ. Bull."
"Frontiers in endocrinology","Front. Endocrinol."
"Fuel","Fuel"
"Fuel Cells (Weinheim, Germany)","Fuel Cells (Weinheim, Ger.)"
"Fuel Processing Technology","Fuel Process. Technol."
"Fullerenes, Nanotubes, and Carbon Nanostructures","Fullerenes, Nanotubes, Carbon Nanostruct."
"Functional & Integrative Genomics","Funct. Integr. Genomics"
"Fundamental & Clinical Pharmacology","Fundam. Clin. Pharmacol."
"Funtai oyobi Funmatsu Yakin","Funtai oyobi Funmatsu Yakin"
"Fusion Engineering and Design","Fusion Eng. Des."
"Future Cardiology","Future Cardiol."
"Future Medicinal Chemistry","Future Med. Chem."
"Future Microbiology","Future Microbiol."
"Future Neurology","Future Neurol."
"Future Oncology","Future Oncol."
"Future Virology","Future Virol."
"GSTF Journal of Chemical Sciences","GSTF J. Chem. Sci."
"Gaodeng Xuexiao Huaxue Xuebao","Gaodeng Xuexiao Huaxue Xuebao"
"Gaofenzi Cailiao Kexue Yu Gongcheng","Gaofenzi Cailiao Kexue Yu Gongcheng"
"Gaofenzi Xuebao","Gaofenzi Xuebao"
"Gaoxiao Huaxue Gongcheng Xuebao","Gaoxiao Huaxue Gongcheng Xuebao"
"Gene","Gene"
"Gene Expression Patterns","Gene Expr. Patterns"
"Gene Therapy","Gene Ther."
"General and Comparative Endocrinology","Gen. Comp. Endocrinol."
"Genes","Genes"
"Genes & Development","Genes Dev."
"Genes to Cells","Genes Cells"
"Genes, Chromosomes & Cancer","Genes, Chromosomes Cancer"
"Genome Research","Genome Res."
"Genomics","Genomics"
"Geochemical Journal","Geochem. J."
"Geochemical Transactions","Geochem. Trans."
"Geochemistry International","Geochem. Int."
"Geochimica et Cosmochimica Acta","Geochim. Cosmochim. Acta"
"Glass Physics and Chemistry","Glass Phys. Chem."
"Global Biogeochemical Cycles","Global Biogeochem. Cycles"
"Glycobiology","Glycobiology"
"Glycoconjugate Journal","Glycoconjugate J."
"Gongneng Gaofenzi Xuebao","Gongneng Gaofenzi Xuebao"
"Graphene","Graphene"
"Green Chemistry","Green Chem."
"Green Chemistry Letters and Reviews","Green Chem. Lett. Rev."
"Green Processing and Synthesis","Green Process. Synth."
"Groundwater","Groundwater"
"Growth Factors","Growth Factors"
"Guangpuxue Yu Guangpu Fenxi","Guangpuxue Yu Guangpu Fenxi"
"Guijinshu","Guijinshu"
"Guisuanyan Xuebao","Guisuanyan Xuebao"
"Guocheng Gongcheng Xuebao","Guocheng Gongcheng Xuebao"
"Health Physics","Health Phys."
"Heat Transfer Engineering","Heat Transfer Eng."
"Hecheng Xiangjiao Gongye","Hecheng Xiangjiao Gongye"
"Helvetica Chimica Acta","Helv. Chim. Acta"
"Hemoglobin","Hemoglobin"
"Heteroatom Chemistry","Heteroat. Chem."
"Heterocycles","Heterocycles"
"Heterocyclic Communications","Heterocycl. Commun."
"Heterocyclic Letters","Heterocycl. Lett."
"High Energy Chemistry","High Energy Chem."
"High Performance Polymers","High Perform. Polym."
"High Temperature","High Temp."
"High Temperature Materials and Processes (Berlin, Germany)","High Temp. Mater. Processes (Berlin, Ger.)"
"Histochemistry and Cell Biology","Histochem. Cell Biol."
"Holzforschung","Holzforschung"
"Hormone Molecular Biology and Clinical Investigation","Horm. Mol. Biol. Clin. Invest."
"Hormone Research in Paediatrics","Horm. Res. Paediatr."
"Hormone and Metabolic Research","Horm. Metab. Res."
"Huadong Ligong Daxue Xuebao, Ziran Kexueban","Huadong Ligong Daxue Xuebao, Ziran Kexueban"
"Huagong Xuebao (Chinese Edition)","Huagong Xuebao (Chin. Ed.)"
"Huanjing Huaxue","Huanjing Huaxue"
"Huanjing Kexue Xuebao","Huanjing Kexue Xuebao"
"Huaxue","Huaxue"
"Huaxue Fanying Gongcheng Yu Gongyi","Huaxue Fanying Gongcheng Yu Gongyi"
"Huaxue Shiji","Huaxue Shiji"
"Huaxue Tongbao","Huaxue Tongbao"
"Huaxue Xuebao","Huaxue Xuebao"
"Human Gene Therapy","Hum. Gene Ther."
"Human Gene Therapy: Clinical Development","Hum. Gene Ther.: Clin. Dev."
"Human Gene Therapy: Methods","Hum. Gene Ther: Methods"
"Human Molecular Genetics","Hum. Mol. Genet."
"Human and Ecological Risk Assessment","Hum. Ecol. Risk Assess."
"Human vaccines & immunotherapeutics","Hum. Vaccin. Immunother."
"Hwahak Konghak","Hwahak Konghak"
"Hydrometallurgy","Hydrometallurgy"
"Hyperfine Interactions","Hyperfine Interact."
"Hypertension","Hypertension"
"IEEE Journal of Quantum Electronics","IEEE J. Quantum Electron."
"IEEE Journal of Selected Topics in Quantum Electronics","IEEE J. Sel. Top. Quantum Electron."
"IEEE Transactions on Nanotechnology","IEEE Trans. Nanotechnol."
"ILAR Journal","ILAR J."
"ISIJ International","ISIJ Int."
"IUBMB Life","IUBMB Life"
"IUCrJ","IUCrJ"
"Imaging in Medicine","Imaging Med."
"Immunity","Immunity"
"Immunobiology","Immunobiology"
"Immunology","Immunology"
"Immunology Letters","Immunol. Lett."
"Immunology, Endocrine & Metabolic Agents in Medicinal Chemistry","Immunol., Endocr. Metab. Agents Med. Chem."
"Immunotherapy","Immunotherapy"
"Indian Chemical Engineer","Indian Chem. Eng."
"Indian Journal of Biochemistry & Biophysics","Indian J. Biochem. Biophys."
"Indian Journal of Chemistry, Section A: Inorganic, Bio-inorganic, Physical, Theoretical & Analytical Chemistry","Indian J. Chem., Sect. A: Inorg., Bio-inorg., Phys., Theor. Anal. Chem."
"Indian Journal of Chemistry, Section B: Organic Chemistry Including Medicinal Chemistry","Indian J. Chem., Sect. B: Org. Chem. Incl. Med. Chem."
"Indian Journal of Fibre & Textile Research","Indian J. Fibre Text. Res."
"Indian Journal of Heterocyclic Chemistry","Indian J. Heterocycl. Chem."
"Indian journal of microbiology","Indian J. Microbiol."
"Indian Journal of Physics","Indian J. Phys."
"Industrial & Engineering Chemistry Research","Ind. Eng. Chem. Res."
"Infection and Immunity","Infect. Immun."
"Infectious Disorders: Drug Targets","Infect. Disord.: Drug Targets"
"Inflammation & Allergy: Drug Targets","Inflamm. Allergy: Drug Targets"
"Inflammation Research","Inflamm. Res."
"Inhalation Toxicology","Inhalation Toxicol."
"Innate Immunity","Innate Immun."
"Inorganic Chemistry","Inorg. Chem."
"Inorganic Chemistry Communications","Inorg. Chem. Commun."
"Inorganic Chemistry Frontiers","Inorg. Chem. Front."
"Inorganic Materials","Inorg. Mater."
"Inorganica Chimica Acta","Inorg. Chim. Acta"
"Insect Biochemistry and Molecular Biology","Insect Biochem. Mol. Biol."
"Insect Molecular Biology","Insect Mol. Biol."
"Instrumentation Science & Technology","Instrum. Sci. Technol."
"Intermetallics","Intermetallics"
"International Immunology","Int. Immunol."
"International Immunopharmacology","Int. Immunopharmacol."
"International Journal for Vitamin and Nutrition Research","Int. J. Vitam. Nutr. Res."
"International Journal of Adhesion and Adhesives","Int. J. Adhes. Adhes."
"International Journal of Antimicrobial Agents","Int. J. Antimicrob. Agents"
"International Journal of Applied Ceramic Technology","Int. J. Appl. Ceram. Technol."
"International Journal of Biochemistry & Cell Biology","Int. J. Biochem. Cell Biol."
"International Journal of Biological Macromolecules","Int. J. Biol. Macromol."
"International Journal of Biomedical Nanoscience and","Int. J. Biomed. Nanosci. Nanotechnol."
"International Journal of Biomedical Nanoscience and","Int. J. Biomed. Nanosci. Nanotechnol."
"International Journal of Cancer","Int. J. Cancer"
"International Journal of Chemical Engineering and","Int. J. Chem. Eng. Appl."
"International Journal of Chemical Engineering and","Int. J. Chem. Eng. Appl."
"International Journal of Chemical Kinetics","Int. J. Chem. Kinet."
"International Journal of Coal Geology","Int. J. Coal Geol."
"International Journal of Coal Preparation and Utilization","Int. J. Coal Prep. Util."
"International Journal of Electrochemical Science","Int. J. Electrochem. Sci."
"International Journal of Electrochemistry","Int. J. Electrochem."
"International Journal of Environment and Pollution","Int. J. Environ. Pollut."
"International Journal of Environmental Analytical Chemistry","Int. J. Environ. Anal. Chem."
"International journal of food microbiology","Int. J. Food Microbiol."
"International Journal of Food Science and Technology","Int. J. Food Sci. Technol."
"International Journal of Genomics","Int. J. Genomics"
"International Journal of Hematologic Oncology","Int. J. Hematol. Oncol."
"International Journal of Hydrogen Energy","Int. J. Hydrogen Energy"
"International Journal of Immunogenetics","Int. J. Immunogenet."
"International Journal of Mass Spectrometry","Int. J. Mass Spectrom."
"International Journal of Materials Research","Int. J. Mater. Res."
"International Journal of Mineral Processing","Int. J. Miner. Process."
"International Journal of Modern Chemistry","Int. J. Mod. Chem."
"International Journal of Modern Organic Chemistry","Int. J. Mod. Org. Chem."
"International journal of molecular sciences","Int. J. Mol. Sci. "
"International Journal of Multiphase Flow","Int. J. Multiphase Flow"
"International Journal of Nanoscience","Int. J. Nanosci."
"International Journal of Nonferrous Metallurgy","Int. J. Nonferrous Metall."
"International Journal of Organic Chemistry","Int. J. Org. Chem."
"International Journal of PIXE","Int. J. PIXE"
"International Journal of Peptide Research and Therapeutics","Int. J. Pept. Res. Ther."
"International Journal of Pharmaceutics (Amsterdam, Netherlands)","Int. J. Pharm. (Amsterdam, Neth.)"
"International Journal of Polymer Analysis and Characterization","Int. J. Polym. Anal. Charact."
"International Journal of Polymeric Materials and Polymeric Biomaterials","Int. J. Polym. Mater. Polym. Biomater."
"International Journal of Quantum Chemistry","Int. J. Quantum Chem."
"International Journal of Radiation Biology","Int. J. Radiat. Biol."
"International Journal of Refractory Metals & Hard Materials","Int. J. Refract. Met. Hard Mater."
"International Journal of Thermophysics","Int. J. Thermophys."
"International Materials Reviews","Int. Mater. Rev."
"International Polymer Processing","Int. Polym. Process."
"International Research Journal of Pure and Applied Chemistry","Int. Res. J. Pure Appl. Chem."
"International Reviews in Physical Chemistry","Int. Rev. Phys. Chem."
"Ionics","Ionics"
"Ironmaking & Steelmaking","Ironmaking Steelmaking"
"Isotopes in Environmental and Health Studies","Isot. Environ. Health Stud."
"Israel Journal of Chemistry","Isr. J. Chem."
"Izvestiya Natsional'noi Akademii Nauk Respubliki Kazakhstan, Seriya Khimii i Tekhnologii","Izv. Nats. Akad. Nauk Resp. Kaz., Ser. Khim. Tekhnol."
"Izvestiya Vysshikh Uchebnykh Zavedenii, Khimiya I Khimicheskaya Tekhnologiya","Izv. Vyssh. Uchebn. Zaved., Khim. Khim. Tekhnol."
"JAMA, the Journal of the American Medical Association","JAMA, J. Am. Med. Assoc."
"JBIC, Journal of Biological Inorganic Chemistry","JBIC, J. Biol. Inorg. Chem."
"JETP Letters","JETP Lett."
"Japanese Journal of Applied Physics","Jpn. J. Appl. Phys."
"Jinshu Xuebao","Jinshu Xuebao"
"Jisuanji Yu Yingyong Huaxue","Jisuanji Yu Yingyong Huaxue"
"Journal of AOAC International","J. AOAC Int."
"Journal of Adhesion","J. Adhes."
"Journal of Adhesion Science and Technology","J. Adhes. Sci. Technol."
"Journal of Advanced Ceramics","J. Adv. Ceram."
"Journal of Advanced Dielectrics","J. Adv. Dielectr."
"Journal of Aerosol Science","J. Aerosol Sci."
"Journal of Agricultural and Food Chemistry","J. Agric. Food Chem."
"Journal of Alloys and Compounds","J. Alloys Compd."
"Journal of Analytical Atomic Spectrometry","J. Anal. At. Spectrom."
"Journal of Analytical Chemistry","J. Anal. Chem."
"Journal of Analytical Methods in Chemistry","J. Anal. Methods Chem."
"Journal of Analytical Toxicology","J. Anal. Toxicol."
"Journal of Analytical and Applied Pyrolysis","J. Anal. Appl. Pyrolysis"
"Journal of Animal Science (Champaign, IL, United States)","J. Anim. Sci. (Champaign, IL, U. S.)"
"Journal of Antibiotics","J. Antibiot."
"Journal of Antimicrobial Chemotherapy","J. Antimicrob. Chemother."
"Journal of Applied Animal Welfare Science","J. Appl. Anim. Welfare Sci."
"Journal of Applied Crystallography","J. Appl. Crystallogr."
"Journal of Applied Electrochemistry","J. Appl. Electrochem."
"Journal of Applied Physics (Melville, NY, United States)","J. Appl. Phys. (Melville, NY, U. S.)"
"Journal of Applied Polymer Science","J. Appl. Polym. Sci."
"Journal of Applied Solution Chemistry and Modeling","J. Appl. Solution Chem. Model."
"Journal of Applied Spectroscopy","J. Appl. Spectrosc."
"Journal of Applied Toxicology","J. Appl. Toxicol."
"Journal of Atmospheric Chemistry","J. Atmos. Chem."
"Journal of Bacteriology","J. Bacteriol."
"Journal of Biobased Materials and Bioenergy","J. Biobased Mater. Bioenergy"
"Journal of Biochemical and Molecular Toxicology","J. Biochem. Mol. Toxicol."
"Journal of biochemical toxicology","J. Biochem. Toxicol."
"Journal of Biochemistry","J. Biochem."
"Journal of Bioenergetics and Biomembranes","J. Bioenerg. Biomembr."
"Journal of Biological Chemistry","J. Biol. Chem."
"Journal of Biomaterials Science, Polymer Edition","J. Biomater. Sci., Polym. Ed."
"Journal of Biomedical Materials Research, Part A","J. Biomed. Mater. Res., Part A"
"Journal of Biomedical Materials Research, Part B: Applied Biomaterials","J. Biomed. Mater. Res., Part B"
"Journal of Biomedical Nanotechnology","J. Biomed. Nanotechnol."
"Journal of Biomolecular NMR","J. Biomol. NMR"
"Journal of Biomolecular Structure and Dynamics","J. Biomol. Struct. Dyn."
"Journal of Bionanoscience","J. Bionanosci."
"Journal of Bioremediation & Biodegradation","J. Biorem. Biodegrad."
"Journal of Bioscience and Bioengineering","J. Biosci. Bioeng."
"Journal of Biotechnology","J. Biotechnol."
"Journal of CO2 Utilization","J. CO2 Util."
"Journal of Carbohydrate Chemistry","J. Carbohydr. Chem."
"Journal of Cardiovascular Pharmacology","J. Cardiovasc. Pharmacol."
"Journal of Catalysis","J. Catal."
"Journal of Catalysts","J. Catal."
"Journal of Cell Biology","J. Cell Biol."
"Journal of Cell Science","J. Cell Sci."
"Journal of Cellular Biochemistry","J. Cell. Biochem."
"Journal of Cellular Physiology","J. Cell. Physiol."
"Journal of Ceramics","J. Ceram."
"Journal of Chemical & Engineering Data","J. Chem. Eng. Data"
"Journal of Chemical Crystallography","J. Chem. Crystallogr."
"Journal of Chemical Ecology","J. Chem. Ecol."
"Journal of Chemical Education","J. Chem. Educ."
"Journal of Chemical Engineering of Japan","J. Chem. Eng. Jpn."
"Journal of Chemical Information and Modeling","J. Chem. Inf. Model."
"The Journal of Chemical Physics","J. Chem. Phys."
"Journal of Chemical Research","J. Chem. Res."
"Journal of Chemical Sciences (Berlin, Germany)","J. Chem. Sci. (Berlin, Ger.)"
"Journal of Chemical Technology and Biotechnology","J. Chem. Technol. Biotechnol."
"Journal of Chemical Theory and Computation","J. Chem. Theory Comput."
"Journal of Chemical Thermodynamics","J. Chem. Thermodyn."
"Journal of Chemometrics","J. Chemom."
"Journal of Chromatographic Science","J. Chromatogr. Sci."
"Journal of Chromatography A","J. Chromatogr. A"
"Journal of Chromatography B: Analytical Technologies in the Biomedical and Life Sciences","J. Chromatogr. B: Anal. Technol. Biomed. Life Sci."
"Journal of Chromatography and Separation Techniques","J. Chromatogr. Sep. Tech."
"Journal of Clinical Endocrinology and Metabolism","J. Clin. Endocrinol. Metab."
"Journal of clinical gastroenterology","J. Clin. Gastroenterol."
"Journal of Cluster Science","J. Cluster Sci."
"Journal of Coatings Technology and Research","J. Coat. Technol. Res."
"Journal of Colloid and Interface Science","J. Colloid Interface Sci."
"Journal of Computational Biology","J. Comput. Biol."
"Journal of Computational Chemistry","J. Comput. Chem."
"Journal of Computational Methods in Molecular Design","J. Comput. Methods Mol. Des."
"Journal of Computational and Theoretical Nanoscience","J. Comput. Theor. Nanosci."
"Journal of Computer Chemistry, Japan","J. Comput. Chem., Jpn."
"Journal of Computer-Aided Molecular Design","J. Comput.-Aided Mol. Des."
"Journal of Contaminant Hydrology","J. Contam. Hydrol."
"Journal of Controlled Release","J. Controlled Release"
"Journal of Coordination Chemistry","J. Coord. Chem."
"Journal of Crystal Growth","J. Cryst. Growth"
"Journal of Dairy Research","J. Dairy Res."
"Journal of Dairy Science","J. Dairy Sci."
"Journal of Dispersion Science and Technology","J. Dispersion Sci. Technol."
"Journal of Drug Targeting","J. Drug Targeting"
"Journal of Electroanalytical Chemistry","J. Electroanal. Chem."
"Journal of Electrochemical Science and Technology","J. Electrochem. Sci. Technol."
"Journal of Electron Spectroscopy and Related Phenomena","J. Electron Spectrosc. Relat. Phenom."
"Journal of Electronic Materials","J. Electron. Mater."
"Journal of Endocrinology","J. Endocrinol."
"Journal of Energetic Materials","J. Energ. Mater."
"Journal of Environmental Chemical Engineering","J. Environ. Chem. Eng."
"Journal of Environmental Engineering (Reston, VA, United States)","J. Environ. Eng. (Reston, VA, U.S.)"
"Journal of Environmental Quality","J. Environ. Qual."
"Journal of Environmental Radioactivity","J. Environ. Radioact."
"Journal of Environmental Science & Engineering (Nagpur, India)","J. Environ. Sci. Eng. (Nagpur, India)"
"Journal of Environmental Science and Health, Part A: Toxic/Hazardous Substances & Environmental Engineering","J. Environ. Sci. Health A: Toxic/Hazard. Subst. Environ. Eng."
"Journal of Environmental Science and Health, Part B: Pesticides, Food Contaminants, and Agricultural Wastes","J. Environ. Sci. Health B"
"Journal of Enzyme Inhibition and Medicinal Chemistry","J. Enzyme Inhib. Med. Chem."
"Journal of Experimental Botany","J. Exp. Bot."
"Journal of Experimental Medicine","J. Exp. Med."
"Journal of Experimental Nanoscience","J. Exp. Nanosci."
"Journal of Experimental and Theoretical Physics","J. Exp. Theor. Phys."
"Journal of Fluorine Chemistry","J. Fluorine Chem."
"Journal of Food Science","J. Food Sci."
"Journal of Fusion Energy","J. Fusion Energy"
"Journal of General Virology","J. Gen. Virol."
"The Journal of general virology","J. Gen. Virol."
"Journal of General and Applied Microbiology","J. Gen. Appl. Microbiol."
"Journal of Geochemical Exploration","J. Geochem. Explor."
"Journal of Hazardous Materials","J. Hazard. Mater."
"Journal of Heterocyclic Chemistry","J. Heterocycl. Chem."
"Journal of Histochemistry and Cytochemistry","J. Histochem. Cytochem."
"Journal of Hypertension","J. Hypertens."
"Journal of Imaging Science and Technology","J. Imaging Sci. Technol."
"Journal of Immunoassay and Immunochemistry","J. Immunoassay Immunochem."
"Journal of Immunological Methods","J. Immunol. Methods"
"Journal of Immunology","J. Immunol."
"Journal of Inclusion Phenomena and Macrocyclic Chemistry","J. Inclusion Phenom. Macrocyclic Chem."
"Journal of Industrial Microbiology & Biotechnology","J. Ind. Microbiol. Biotechnol."
"Journal of Industrial and Engineering Chemistry (Amsterdam, Netherlands)","J. Ind. Eng. Chem. (Amsterdam, Neth.)"
"Journal of Inorganic Biochemistry","J. Inorg. Biochem."
"Journal of Inorganic and Organometallic Polymers and Materials","J. Inorg. Organomet. Polym. Mater."
"Journal of Insect Physiology","J. Insect Physiol."
"Journal of Interferon & Cytokine Research","J. Interferon Cytokine Res."
"Journal of Labelled Compounds and Radiopharmaceuticals","J. Labelled Compd. Radiopharm."
"Journal of Laser Micro/Nanoengineering","J. Laser Micro/Nanoeng."
"Journal of Leukocyte Biology","J. Leukocyte Biol."
"Journal of Lipid Research","J. Lipid Res."
"Journal of Lipid Science and Technology","J. Lipid Sci. Technol."
"Journal of Liquid Chromatography & Related Technologies","J. Liq. Chromatogr. Relat. Technol."
"Journal of Low Temperature Physics","J. Low Temp. Phys."
"Journal of Luminescence","J. Lumin."
"Journal of Macromolecular Science, Part A: Pure and Applied Chemistry","J. Macromol. Sci., Part A: Pure Appl. Chem."
"Journal of Macromolecular Science, Part B: Physics","J. Macromol. Sci., Part B: Phys."
"Journal of Magnesium and Alloys","J. Magnesium Alloys"
"Journal of Magnetic Resonance","J. Magn. Reson."
"Journal of Magnetism and Magnetic Materials","J. Magn. Magn. Mater."
"Journal of Mass Spectrometry","J. Mass Spectrom."
"Journal of Materials (New York, NY, United States)","J. Mater. (N. Y., NY, U. S.)"
"Journal of Materials Chemistry A: Materials for Energy and Sustainability","J. Mater. Chem. A"
"Journal of Materials Chemistry B: Materials for Biology and Medicine","J. Mater. Chem. B"
"Journal of Materials Chemistry C: Materials for Optical and Electronic Devices","J. Mater. Chem. C"
"Journal of Materials Engineering and Performance","J. Mater. Eng. Perform."
"Journal of Materials Research","J. Mater. Res."
"Journal of Materials Science","J. Mater. Sci."
"Journal of Materials Science: Materials in Electronics","J. Mater. Sci.: Mater. Electron."
"Journal of Materials Science: Materials in Medicine","J. Mater. Sci.: Mater. Med."
"Journal of Mathematical Chemistry","J. Math. Chem."
"Journal of Medicinal Chemistry","J. Med. Chem."
"Journal of Membrane Biology","J. Membr. Biol."
"Journal of Membrane Science","J. Membr. Sci."
"Journal of Membrane and Separation Technology","J. Membr. Sep. Technol."
"Journal of Microencapsulation","J. Microencapsulation"
"Journal of Molecular Biology","J. Mol. Biol."
"Journal of Molecular Catalysis A: Chemical","J. Mol. Catal. A: Chem."
"Journal of Molecular Catalysis B: Enzymatic","J. Mol. Catal. B: Enzym."
"Journal of Molecular Endocrinology","J. Mol. Endocrinol."
"Journal of Molecular Evolution","J. Mol. Evol."
"Journal of Molecular Graphics & Modelling","J. Mol. Graphics Model."
"Journal of Molecular Liquids","J. Mol. Liq."
"Journal of Molecular Microbiology and Biotechnology","J. Mol. Microbiol. Biotechnol."
"Journal of Molecular Neuroscience","J. Mol. Neurosci."
"Journal of Molecular Recognition","J. Mol. Recognit."
"Journal of Molecular Spectroscopy","J. Mol. Spectrosc."
"Journal of Molecular Structure","J. Mol. Struct."
"Journal of Molecular and Cellular Cardiology","J. Mol. Cell. Cardiol."
"Journal of Nanoengineering and Nanomanufacturing","J. Nanoeng. Nanomanuf."
"Journal of Nanoparticles","J. Nanopart."
"Journal of Nanoscience and Nanotechnology","J. Nanosci. Nanotechnol."
"Journal of Natural Products","J. Nat. Prod."
"Journal of Near Infrared Spectroscopy","J. Near Infrared Spectrosc."
"Journal of Neurochemistry","J. Neurochem."
"Journal of Neuroendocrinology","J. Neuroendocrinol."
"Journal of Neuroimmunology","J. Neuroimmunol."
"Journal of Neuroscience","J. Neurosci."
"Journal of Neuroscience Research","J. Neurosci. Res."
"Journal of Non-Crystalline Solids","J. Non-Cryst. Solids"
"Journal of Non-Newtonian Fluid Mechanics","J. Non-Newtonian Fluid Mech."
"Journal of Nuclear Materials","J. Nucl. Mater."
"Journal of Nuclear Science and Technology (Abingdon, United Kingdom)","J. Nucl. Sci. Technol. (Abingdon, U. K.)"
"Journal of Nucleic Acids","J. Nucleic Acids"
"Journal of Nutrition","J. Nutr."
"Journal of Nutritional Biochemistry","J. Nutr. Biochem."
"Journal of Nutritional Science and Vitaminology","J. Nutr. Sci. Vitaminol."
"Journal of Ocular Pharmacology and Therapeutics","J. Ocul. Pharmacol. Ther."
"Journal of Oleo Science","J. Oleo Sci."
"Journal of Organic Chemistry","J. Org. Chem."
"Journal of Organometallic Chemistry","J. Organomet. Chem."
"Journal of Peptide Science","J. Pept. Sci."
"Journal of Petroleum Science & Engineering","J. Pet. Sci. Eng."
"Journal of Petrology","J. Petrol."
"Journal of Pharmaceutical Sciences","J. Pharm. Sci."
"Journal of Pharmaceutical and Biomedical Analysis","J. Pharm. Biomed. Anal."
"Journal of Pharmacological and Toxicological Methods","J. Pharmacol. Toxicol. Methods"
"Journal of Pharmacology and Experimental Therapeutics","J. Pharmacol. Exp. Ther."
"Journal of Pharmacy and Chemistry","J. Pharm. Chem."
"Journal of Pharmacy and Pharmacology","J. Pharm. Pharmacol."
"Journal of Phase Equilibria and Diffusion","J. Phase Equilib. Diffus."
"Journal of Photochemistry and Photobiology, A: Chemistry","J. Photochem. Photobiol., A"
"Journal of Photochemistry and Photobiology, B: Biology","J. Photochem. Photobiol., B"
"Journal of Photochemistry and Photobiology, C: Photochemistry Reviews","J. Photochem. Photobiol., C"
"Journal of Photopolymer Science and Technology","J. Photopolym. Sci. Technol."
"Journal of Physical Chemistry A","J. Phys. Chem. A"
"Journal of Physical Chemistry B","J. Phys. Chem. B"
"Journal of Physical Chemistry C","J. Phys. Chem. C"
"Journal of Physical Chemistry Letters","J. Phys. Chem. Lett."
"Journal of Physical Organic Chemistry","J. Phys. Org. Chem."
"Journal of Physical and Chemical Reference Data","J. Phys. Chem. Ref. Data"
"Journal of Physics D: Applied Physics","J. Phys. D: Appl. Phys."
"Journal of Physics G: Nuclear and Particle Physics","J. Phys. G: Nucl. Part. Phys."
"Journal of Physics and Chemistry of Solids","J. Phys. Chem. Solids"
"Journal of Physics: Condensed Matter","J. Phys.: Condens. Matter"
"Journal of Physiology (Oxford, United Kingdom)","J. Physiol. (Oxford, U. K.)"
"Journal of Pineal Research","J. Pineal Res."
"Journal of Planar Chromatography--Modern TLC","J. Planar Chromatogr.--Mod. TLC"
"Journal of Plant Growth Regulation","J. Plant Growth Regul."
"Journal of Plant Nutrition","J. Plant Nutr."
"Journal of Plant Nutrition and Soil Science","J. Plant Nutr. Soil Sci."
"Journal of Plant Physiology","J. Plant Physiol."
"Journal of Polymer Materials","J. Polym. Mater."
"Journal of Polymer Research","J. Polym. Res."
"Journal of Polymer Science, Part A: Polymer Chemistry","J. Polym. Sci., Part A: Polym. Chem."
"Journal of Polymer Science, Part B: Polymer Physics","J. Polym. Sci., Part B: Polym. Phys."
"Journal of Polymers and the Environment","J. Polym. Environ."
"Journal of Porphyrins and Phthalocyanines","J. Porphyrins Phthalocyanines"
"Journal of Power Sources","J. Power Sources"
"Journal of Process Control","J. Process Control"
"Journal of Proteome Research","J. Proteome Res."
"Journal of Proteomics","J. Proteomics"
"Journal of Quantitative Spectroscopy & Radiative Transfer","J. Quant. Spectrosc. Radiat. Transfer"
"Journal of Radioanalytical and Nuclear Chemistry","J. Radioanal. Nucl. Chem."
"Journal of Raman Spectroscopy","J. Raman Spectrosc."
"Journal of Receptors and Signal Transduction","J. Recept. Signal Transduction"
"Journal of Reinforced Plastics and Composites","J. Reinf. Plast. Compos."
"Journal of Research Updates in Polymer Science","J. Res. Updates Polym. Sci."
"Journal of Rheology (Melville, NY, United States)","J. Rheol. (Melville, NY, U. S.)"
"Journal of Separation Science","J. Sep. Sci."
"Journal of Sol-Gel Science and Technology","J. Sol-Gel Sci. Technol."
"Journal of Solid State Chemistry","J. Solid State Chem."
"Journal of Solid State Electrochemistry","J. Solid State Electrochem."
"Journal of Solution Chemistry","J. Solution Chem."
"Journal of Spectroscopy (New York, NY, United States)","J. Spectrosc. (N. Y., NY, U. S.)"
"Journal of Steroid Biochemistry and Molecular Biology","J. Steroid Biochem. Mol. Biol."
"Journal of Structural Chemistry","J. Struct. Chem."
"Journal of Structural and Functional Genomics","J. Struct. Funct. Genomics"
"Journal of Sulfur Chemistry","J. Sulfur Chem."
"Journal of Superconductivity and Novel Magnetism","J. Supercond. Novel Magn."
"Journal of Supercritical Fluids","J. Supercrit. Fluids"
"Journal of Surface Investigation: X-Ray, Synchrotron and Neutron Techniques","J. Surf. Invest.: X-Ray, Synchrotron Neutron Tech."
"Journal of Surfactants and Detergents","J. Surfactants Deterg."
"Journal of Sustainable Cement-Based Materials","J. Sustainable Cem.-Based Mater."
"Journal of Theoretical and Computational Chemistry","J. Theor. Comput. Chem."
"Journal of Thermal Analysis and Calorimetry","J. Therm. Anal. Calorim."
"Journal of Thermodynamics & Catalysis","J. Thermodyn. Catal."
"Journal of Thermophysics and Heat Transfer","J. Thermophys. Heat Transfer"
"Journal of Toxicology and Environmental Health, Part A: Current Issues","J. Toxicol. Environ. Health, Part A"
"Journal of Toxicology and Environmental Health, Part B: Critical Reviews","J. Toxicol. Environ. Health, Part B"
"Journal of Vacuum Science & Technology, A: Vacuum, Surfaces, and Films","J. Vac. Sci. Technol., A"
"Journal of Vacuum Science & Technology, B: Nanotechnology & Microelectronics: Materials, Processing, Measurement, & Phenomena","J. Vac. Sci. Technol., B: Nanotechnol. Microelectron.: Mater., Process., Meas., Phenom."
"Journal of Visualized Experiments","J. Visualized Exp."
"Journal of Vinyl and Additive Technology","J. Vinyl Addit. Technol."
"Journal of Virological Methods","J. Virol. Methods"
"Journal of Virology","J. Virol."
"Journal of Volcanology and Geothermal Research","J. Volcanol. Geotherm. Res."
"Journal of Wood Chemistry and Technology","J. Wood Chem. Technol."
"Journal of the American Ceramic Society","J. Am. Ceram. Soc."
"Journal of the American Chemical Society","J. Am. Chem. Soc."
"Journal of the American Oil Chemists' Society","J. Am. Oil Chem. Soc."
"Journal of the American Society for Mass Spectrometry","J. Am. Soc. Mass Spectrom."
"Journal of the American Society of Brewing Chemists","J. Am. Soc. Brew. Chem."
"Journal of the American Statistical Association","J. Am. Stat. Assoc."
"Journal of the Brazilian Chemical Society","J. Braz. Chem. Soc."
"Journal of the Ceramic Society of Japan","J. Ceram. Soc. Jpn."
"Journal of the Chemical Society of Pakistan","J. Chem. Soc. Pak."
"Journal of the Chilean Chemical Society","J. Chil. Chem. Soc."
"Journal of the Chinese Advanced Materials Society","J. Chin. Adv. Mater. Soc."
"Journal of the Chinese Chemical Society (Weinheim, Germany)","J. Chin. Chem. Soc. (Weinheim, Ger.)"
"Journal of the Electrochemical Society","J. Electrochem. Soc."
"Journal of the Energy Institute","J. Energy Inst."
"Journal of the European Ceramic Society","J. Eur. Ceram. Soc."
"Journal of the Indian Chemical Society","J. Indian Chem. Soc."
"Journal of the Institution of Chemists (India)","J. Inst. Chem. (India)"
"Journal of the Japan Petroleum Institute","J. Jpn. Pet. Inst."
"Journal of the Korean Ceramic Society","J. Korean Ceram. Soc."
"Journal of the Korean Chemical Society","J. Korean Chem. Soc."
"Journal of the Optical Society of America B: Optical Physics","J. Opt. Soc. Am. B"
"Journal of the Science of Food and Agriculture","J. Sci. Food Agric."
"Journal of the Serbian Chemical Society","J. Serb. Chem. Soc."
"Journal of the Society of Inorganic Materials, Japan","J. Soc. Inorg. Mater., Jpn."
"Journal of the Taiwan Institute of Chemical Engineers","J. Taiwan Inst. Chem. Eng."
"KGK, Kautschuk Gummi Kunststoffe","KGK, Kautsch. Gummi Kunstst."
"Kagaku Kogaku Ronbunshu","Kagaku Kogaku Ronbunshu"
"Kemija u Industriji","Kem. Ind."
"Khimicheskaya Promyshlennost Segodnya","Khim. Prom-st. Segodnya"
"Khimiya i Tekhnologiya Vody","Khim. Tekhnol. Vody"
"Khimiya v Interesakh Ustoichivogo Razvitiya","Khim. Interesakh Ustoich. Razvit."
"Kinetics and Catalysis","Kinet. Catal."
"Kobunshi Ronbunshu","Kobunshi Ronbunshu"
"Korean Journal of Chemical Engineering","Korean J. Chem. Eng."
"LCGC North America","LCGC North Am."
"LWT--Food Science and Technology","LWT--Food Sci. Technol."
"Lab on a Chip","Lab Chip"
"Laboratory Animals","Lab. Anim."
"Langmuir","Langmuir"
"Laser and Particle Beams","Laser Part. Beams"
"Latvijas Kimijas Zurnals","Latv. Kim. Z."
"Letters in Drug Design & Discovery","Lett. Drug Des. Discovery"
"Letters in Organic Chemistry","Lett. Org. Chem."
"Life Sciences","Life Sci."
"Light: Science & Applications","Light: Sci. Appl."
"Linchan Huaxue Yu Gongye","Linchan Huaxue Yu Gongye"
"Lipids","Lipids"
"Liquid Crystals","Liq. Cryst."
"Liquid Crystals Reviews","Liq. Cryst. Rev."
"Lithos","Lithos"
"Lung Cancer Management","Lung Cancer Manage."
"MRS Communications","MRS Commun."
"MRS Online Proceedings Library","MRS Online Proc. Libr."
"Macromolecular Bioscience","Macromol. Biosci."
"Macromolecular Chemistry and Physics","Macromol. Chem. Phys."
"Macromolecular Materials and Engineering","Macromol. Mater. Eng."
"Macromolecular Rapid Communications","Macromol. Rapid Commun."
"Macromolecular Reaction Engineering","Macromol. React. Eng."
"Macromolecular Research","Macromol. Res."
"Macromolecular Symposia","Macromol. Symp."
"Macromolecular Theory and Simulations","Macromol. Theory Simul."
"Macromolecules (Washington, DC, United States)","Macromolecules (Washington, DC, U. S.)"
"Magnesium Research","Magnesium Res."
"Magnetic Resonance in Chemistry","Magn. Reson. Chem."
"Main Group Chemistry","Main Group Chem."
"Main Group Metal Chemistry","Main Group Met. Chem."
"Marine Biotechnology","Mar. Biotechnol."
"Marine Chemistry","Mar. Chem."
"Marine Environmental Research","Mar. Environ. Res."
"Marine Pollution Bulletin","Mar. Pollut. Bull."
"Materials Characterization","Mater. Charact."
"Materials Chemistry and Physics","Mater. Chem. Phys."
"Materials Express","Mater. Express"
"Materials Focus","Mater. Focus"
"Materials Horizons","Mater. Horiz."
"Materials Letters","Mater. Lett."
"Materials Performance and Characterization","Mater. Perform. Charact."
"Materials Research Bulletin","Mater. Res. Bull."
"Materials Research Express","Mater. Res. Express"
"Materials Research Innovations","Mater. Res. Innovations"
"Materials Research Letters","Mater. Res. Lett."
"Materials Science & Engineering, A: Structural Materials: Properties, Microstructure and Processing","Mater. Sci. Eng., A"
"Materials Science & Engineering, B: Advanced Functional Solid-State Materials","Mater. Sci. Eng., B"
"Materials Science & Engineering, C: Materials for Biological Applications","Mater. Sci. Eng., C"
"Materials Science and Technology","Mater. Sci. Technol."
"Materials Science in Semiconductor Processing","Mater. Sci. Semicond. Process."
"Materials Transactions","Mater. Trans."
"Materials and Corrosion","Mater. Corros."
"Materials and Manufacturing Processes","Mater. Manuf. Processes"
"Matrix Biology","Matrix Biol."
"Measurement Science and Technology","Meas. Sci. Technol."
"Mechanisms of Development","Mech. Dev."
"MedChemComm","MedChemComm"
"Medicinal Chemistry (Sharjah, United Arab Emirates)","Med. Chem. (Sharjah, United Arab Emirates)"
"Medicinal Chemistry Research","Med. Chem. Res."
"Membranes (Basel, Switzerland)","Membranes (Basel, Switz.)"
"Mendeleev Communications","Mendeleev Commun."
"Metabolic Engineering","Metab. Eng."
"Metabolism, Clinical and Experimental","Metab., Clin. Exp."
"Metabolites","Metabolites"
"Metabolomics","Metabolomics"
"Metal Science and Heat Treatment","Met. Sci. Heat Treat."
"Metallofizika i Noveishie Tekhnologii","Metallofiz. Noveishie Tekhnol."
"Metallurgical and Materials Transactions A: Physical Metallurgy and Materials Science","Metall. Mater. Trans. A"
"Metallurgical and Materials Transactions B: Process Metallurgy and Materials Processing Science","Metall. Mater. Trans. B"
"Metals (Basel, Switzerland)","Metals (Basel, Switz.)"
"Meteoritics & Planetary Science","Meteorit. Planet. Sci."
"Methods (Amsterdam, Netherlands)","Methods (Amsterdam, Neth.)"
"Microbiology (London, United Kingdom)","Microbiology (London, U. K.)"
"Microbiology (Moscow, Russian Federation)","Microbiology (Moscow, Russ. Fed.)"
"Microbiology and Immunology","Microbiol. Immunol."
"Microchemical Journal","Microchem. J."
"Microchimica Acta","Microchim. Acta"
"Microelectronic Engineering","Microelectron. Eng."
"Microporous and Mesoporous Materials","Microporous Mesoporous Mater."
"Microscopy and Microanalysis","Microsc. Microanal."
"Mineralium Deposita","Miner. Deposita"
"Mineralogy and Petrology","Mineral. Petrol."
"Minerals Engineering","Miner. Eng."
"Mini-Reviews in Medicinal Chemistry","Mini-Rev. Med. Chem."
"Mini-Reviews in Organic Chemistry","Mini-Rev. Org. Chem."
"Mitochondrial DNA","Mitochondrial DNA"
"Mitochondrion","Mitochondrion"
"Modern Physics Letters B","Mod. Phys. Lett. B"
"Modern Research in Catalysis","Mod. Res. Catal."
"Molecular & Biochemical Parasitology","Mol. Biochem. Parasitol."
"Molecular & Cellular Proteomics","Mol. Cell. Proteomics"
"Molecular & Cellular Toxicology","Mol. Cell. Toxicol."
"Molecular BioSystems","Mol. BioSyst."
"Molecular Biology (Moscow, Russian Federation, English Edition)","Mol. Biol. (Moscow, Russ. Fed., Engl. Ed.)"
"Molecular Biology Reports","Mol. Biol. Rep."
"Molecular Biology and Evolution","Mol. Biol. Evol."
"Molecular Biology of the Cell","Mol. Biol. Cell"
"Molecular Biotechnology","Mol. Biotechnol."
"Molecular Cancer Research","Mol. Cancer Res."
"Molecular Cancer Therapeutics","Mol. Cancer Ther."
"Molecular Carcinogenesis","Mol. Carcinog."
"Molecular Cell","Mol. Cell"
"Molecular Crystals and Liquid Crystals","Mol. Cryst. Liq. Cryst."
"Molecular Diversity","Mol. Diversity"
"Molecular Endocrinology","Mol. Endocrinol."
"Molecular Genetics and Genomics","Mol. Genet. Genomics"
"Molecular Genetics and Metabolism","Mol. Genet. Metab."
"Molecular Immunology","Mol. Immunol."
"Molecular Informatics","Mol. Inf."
"Molecular Medicine (Manhasset, NY, United States)","Mol. Med. (Manhasset, NY, U. S.)"
"Molecular Medicine Reports","Mol. Med. Rep."
"Molecular Membrane Biology","Mol. Membr. Biol."
"Molecular Metabolism","Mol. Metab."
"Molecular Microbiology","Mol. Microbiol."
"Molecular Neurobiology","Mol. Neurobiol."
"Molecular Nutrition & Food Research","Mol. Nutr. Food Res."
"Molecular Pharmaceutics","Mol. Pharmaceutics"
"Molecular Pharmacology","Mol. Pharmacol."
"Molecular Physics","Mol. Phys."
"Molecular Plant","Mol. Plant"
"Molecular Plant-Microbe Interactions","Mol. Plant-Microbe Interact."
"Molecular Reproduction & Development","Mol. Reprod. Dev."
"Molecular Simulation","Mol. Simul."
"Molecular Therapy","Mol. Ther."
"Molecular Therapy--Methods & Clinical Development","Mol. Ther.--Methods Clin. Dev."
"Molecular Therapy--Nucleic Acids","Mol. Ther.--Nucleic Acids"
"Molecular and Cellular Biochemistry","Mol. Cell. Biochem."
"Molecular and Cellular Biology","Mol. Cell. Biol."
"Molecular and Cellular Endocrinology","Mol. Cell. Endocrinol."
"Molecular and Cellular Neuroscience","Mol. Cell. Neurosci."
"Molecular and Cellular Probes","Mol. Cell. Probes"
"Molecules","Molecules"
"Molecules and Cells","Mol. Cells"
"Monatshefte fuer Chemie","Monatsh. Chem."
"Mucosal Immunology","Mucosal Immunol."
"Mutagenesis","Mutagenesis"
"Mutation Research, Fundamental and Molecular Mechanisms of Mutagenesis","Mutat. Res. Fundam. Mol. Mech. Mutagen."
"Mutation Research, Genetic Toxicology and Environmental Mutagenesis","Mutat. Res. Genet. Toxicol. Environ. Mutagen."
"Mutation Research, Reviews in Mutation Research","Mutat. Res. Rev. Mutat. Res."
"Nano","Nano"
"Nano Energy","Nano Energy"
"Nano Express","Nano Express"
"Nano Futures","Nano Futures"
"Nano Letters","Nano Lett."
"Nano Research","Nano Res."
"Nano Science and Nano Technology: An Indian Journal","Nano Sci. Nano Technol.: Indian J."
"Nanomaterials","Nanomaterials"
"Nanomedicine (London, United Kingdom)","Nanomedicine (London, U. K.)"
"Nanomedicine (New York, NY, United States)","Nanomedicine (N. Y., NY, U. S.)"
"Nanoscale","Nanoscale"
"Natural Product Reports","Nat. Prod. Rep."
"Natural Product Research","Nat. Prod. Res."
"Natural Product Sciences","Nat. Prod. Sci."
"Natural Products Journal","Nat. Prod. J."
"Nature (London, United Kingdom)","Nature (London, U. K.)"
"Nature Biotechnology","Nat. Biotechnol."
"Nature Catalysis","Nat. Catal."
"Nature Cell Biology","Nat. Cell Biol."
"Nature Chemical Biology","Nat. Chem. Biol."
"Nature Chemistry","Nat. Chem."
"Nature Communications","Nat. Commun."
"Nature Genetics","Nat. Genet."
"Nature Geoscience","Nat. Geosci."
"Nature Energy","Nat. Energy"
"Nature Immunology","Nat. Immunol."
"Nature Materials","Nat. Mater."
"Nature Medicine (New York, NY, United States)","Nat. Med. (N. Y., NY, U. S.)"
"Nature Methods","Nat. Methods"
"Nature Nanotechnology","Nat. Nanotechnol."
"Nature Neuroscience","Nat. Neurosci."
"Nature Photonics","Nat. Photonics"
"Nature Physics","Nat. Phys."
"Nature Protocols","Nat. Protoc."
"Nature Reviews Cancer","Nat. Rev. Cancer"
"Nature Reviews Drug Discovery","Nat. Rev. Drug Discovery"
"Nature Reviews Genetics","Nat. Rev. Genet."
"Nature Reviews Immunology","Nat. Rev. Immunol."
"Nature Reviews Materials","Nat. Rev. Mater."
"Nature Reviews Microbiology","Nat. Rev. Microbiol."
"Nature Reviews Molecular Cell Biology","Nat. Rev. Mol. Cell Biol."
"Nature Reviews Neuroscience","Nat. Rev. Neurosci."
"Nature Structural & Molecular Biology","Nat. Struct. Mol. Biol."
"Naturwissenschaften","Naturwissenschaften"
"Naunyn-Schmiedeberg's Archives of Pharmacology","Naunyn-Schmiedeberg's Arch. Pharmacol."
"Neues Jahrbuch fuer Mineralogie, Abhandlungen","Neues Jahrb. Mineral., Abh."
"NeuroImmunoModulation","NeuroImmunoModulation"
"NeuroMolecular Medicine","NeuroMol. Med."
"Neurochemical Research","Neurochem. Res."
"Neurochemistry International","Neurochem. Int."
"Neuroendocrinology","Neuroendocrinology"
"Neuron","Neuron"
"Neuropeptides (Oxford, United Kingdom)","Neuropeptides (Oxford, U. K.)"
"Neuropharmacology","Neuropharmacology"
"Neuroscience (Amsterdam, Netherlands)","Neuroscience (Amsterdam, Neth.)"
"Neuroscience Letters","Neurosci. Lett."
"Neurotoxicology and Teratology","Neurotoxicol. Teratol."
"New Biotechnology","New Biotechnol."
"New England Journal of Medicine","N. Engl. J. Med."
"New Journal of Chemistry","New J. Chem."
"Nihon Reoroji Gakkaishi","Nihon Reoroji Gakkaishi"
"Nippon Kinzoku Gakkaishi","Nippon Kinzoku Gakkaishi"
"Nitric Oxide","Nitric Oxide"
"Nordic Pulp & Paper Research Journal","Nord. Pulp Pap. Res. J."
"Nuclear Engineering and Design","Nucl. Eng. Des."
"Nuclear Fusion","Nucl. Fusion"
"Nuclear Instruments & Methods in Physics Research, Section A: Accelerators, Spectrometers, Detectors, and Associated Equipment","Nucl. Instrum. Methods Phys. Res., Sect. A"
"Nuclear Instruments & Methods in Physics Research, Section B: Beam Interactions with Materials and Atoms","Nucl. Instrum. Methods Phys. Res., Sect. B"
"Nuclear Medicine and Biology","Nucl. Med. Biol."
"Nuclear Physics A","Nucl. Phys. A"
"Nuclear Physics B","Nucl. Phys. B"
"Nucleic Acid Therapeutics","Nucleic Acid Ther."
"Nucleic Acids Research","Nucleic Acids Res."
"Nucleosides, Nucleotides & Nucleic Acids","Nucleosides, Nucleotides Nucleic Acids"
"Nukleonika","Nukleonika"
"Nutrition Research (New York, NY, United States)","Nutr. Res. (N. Y., NY, U. S.)"
"OMICS","OMICS"
"Oncogene","Oncogene"
"Open Journal of Inorganic Non-Metallic Materials","Open J. Inorg. Non-Met. Mater."
"Open Journal of Medicinal Chemistry","Open J. Med. Chem."
"Open Journal of Organic Polymer Materials","Open J. Org. Polym. Mater."
"Open Journal of Polymer Chemistry","Open J. Polym. Chem."
"Open Journal of Synthesis Theory and Applications","Open J. Synth. Theory Appl."
"Optics Communications","Opt. Commun."
"Optics and Spectroscopy","Opt. Spectrosc."
"Organic & Biomolecular Chemistry","Org. Biomol. Chem."
"Organic Chemistry Frontiers","Org. Chem. Front."
"Organic Chemistry International","Org. Chem. Int."
"Organic Electronics","Org. Electron."
"Organic Geochemistry","Org. Geochem."
"Organic Letters","Org. Lett."
"Organic Preparations and Procedures International","Org. Prep. Proced. Int."
"Organic Process Research & Development","Org. Process Res. Dev."
"Organic Syntheses","Org. Synth."
"Organic and Medicinal Chemistry Letters","Org. Med. Chem. Lett."
"Organometallics","Organometallics"
"Oriental Journal of Chemistry","Orient. J. Chem."
"Oxidation Communications","Oxid. Commun."
"Oxidation of Metals","Oxid. Met."
"Ozone: Science & Engineering","Ozone: Sci. Eng."
"PLOS Biology","PLOS Biol."
"PLOS Computational Biology","PLOS Comput. Biol."
"PLOS Genetics","PLOS Genet."
"PLOS One","PLOS One"
"PLOS Pathogens","PLOS Pathog."
"PMSE Preprints","PMSE Prepr."
"Particulate Science and Technology","Part. Sci. Technol."
"Peptides (New York, NY, United States)","Peptides (N. Y., NY, U. S.)"
"Personalized Medicine","Pers. Med."
"Pest Management Science","Pest Manag. Sci."
"Pesticide Biochemistry and Physiology","Pestic. Biochem. Physiol."
"Petroleum Chemistry","Pet. Chem."
"Petroleum Science and Technology","Pet. Sci. Technol."
"Pfluegers Archiv","Pfluegers Arch."
"Pharma Chemica","Pharma Chem."
"Pharmaceutical Chemistry Journal","Pharm. Chem. J."
"Pharmaceutical Development and Technology","Pharm. Dev. Technol."
"Pharmaceutical Nanotechnology","Pharm. Nanotechnol."
"Pharmaceutical Patent Analyst","Pharm. Pat. Anal."
"Pharmaceutical Research","Pharm. Res."
"Pharmacia Sinica","Pharm. Sin."
"Pharmacogenetics and Genomics","Pharmacogenet. Genomics"
"Pharmacogenomics","Pharmacogenomics"
"Pharmacogenomics Journal","Pharmacogenomics J."
"Pharmacology","Pharmacology"
"Pharmacology & Therapeutics","Pharmacol. Ther."
"Pharmacology, Biochemistry and Behavior","Pharmacol., Biochem. Behav."
"Pharmazie","Pharmazie"
"Phase Transitions","Phase Transitions"
"Philosophical Magazine","Philos. Mag."
"Philosophical Magazine Letters","Philos. Mag. Lett."
"Phosphorus, Sulfur and Silicon and the Related Elements","Phosphorus, Sulfur Silicon Relat. Elem."
"Photochemical & Photobiological Sciences","Photochem. Photobiol. Sci."
"Photochemistry and Photobiology","Photochem. Photobiol."
"Photosynthesis Research","Photosynth. Res."
"Physica B: Condensed Matter (Amsterdam, Netherlands)","Phys. B (Amsterdam, Neth.)"
"Physica C: Superconductivity and Its Applications (Amsterdam, Netherlands)","Phys. C (Amsterdam, Neth.)"
"Physica Scripta","Phys. Scr."
"Physica Scripta, T","Phys. Scr., T"
"Physica Status Solidi A: Applications and Materials Science","Phys. Status Solidi A"
"physica status solidi (a)","Phys. Status Solidi A"
"Physica Status Solidi B: Basic Solid State Physics","Phys. Status Solidi B"
"physica status solidi (b)","Phys. Status Solidi B"
"Physica Status Solidi C: Current Topics in Solid State Physics","Phys. Status Solidi C"
"physica status solidi (c)","Phys. Status Solidi C"
"Physica Status Solidi RRL: Rapid Research Letters","Phys. Status Solidi RRL"
"physica status solidi (RRL)  Rapid Research Letters","Phys. Status Solidi RRL"
"Physical Chemistry Chemical Physics","Phys. Chem. Chem. Phys."
"Physical Review A: Atomic, Molecular, and Optical Physics","Phys. Rev. A: At., Mol., Opt. Phys."
"Physical Review Applied","Phys. Rev. Appl."
"Physical Review B: Condensed Matter and Materials Physics","Phys. Rev. B: Condens. Matter Mater. Phys."
"Physical Review C: Nuclear Physics","Phys. Rev. C: Nucl. Phys."
"Physical Review D: Particles, Fields, Gravitation, and Cosmology","Phys. Rev. D: Part., Fields, Gravitation, Cosmol."
"Physical Review E: Statistical, Nonlinear, and Soft Matter Physics","Phys. Rev. E: Stat., Nonlinear, Soft Matter Phys."
"Physical Review Letters","Phys. Rev. Lett."
"Physical Review X","Phys. Rev. X"
"Physics Letters A","Phys. Lett. A"
"Physics Letters B","Phys. Lett. B"
"Physics and Chemistry of Liquids","Phys. Chem. Liq."
"Physics and Chemistry of Minerals","Phys. Chem. Miner."
"Physics of Atomic Nuclei","Phys. At. Nucl."
"Physics of Fluids","Phys. Fluids"
"Physics of Plasmas","Phys. Plasmas"
"Physics of the Solid State","Phys. Solid State"
"Physiologia Plantarum","Physiol. Plant."
"Physiology & Behavior","Physiol. Behav."
"Phytochemical Analysis","Phytochem. Anal."
"Phytochemistry (Elsevier)","Phytochemistry (Elsevier)"
"Phytochemistry Reviews","Phytochem. Rev."
"Plant Cell","Plant Cell"
"Plant Cell Reports","Plant Cell Rep."
"Plant Growth Regulation","Plant Growth Regul."
"Plant Journal","Plant J."
"Plant Molecular Biology","Plant Mol. Biol."
"Plant Physiology","Plant Physiol."
"Plant Physiology and Biochemistry (Issy-les-Moulineaux, France)","Plant Physiol. Biochem. (Issy-les-Moulineaux, Fr.)"
"Plant Science (Shannon, Ireland)","Plant Sci. (Shannon, Irel.)"
"Plant and Cell Physiology","Plant Cell Physiol."
"Plant and Soil","Plant Soil"
"Planta","Planta"
"Planta Medica","Planta Med."
"Plasma Chemistry and Plasma Processing","Plasma Chem. Plasma Process."
"Plasma Processes and Polymers","Plasma Processes Polym."
"Plasmid","Plasmid"
"Plastic and Reconstructive Surgery","Plast. Reconstr. Surg."
"Plasticheskie Massy","Plast. Massy"
"Plastics, Rubber and Composites","Plast., Rubber Compos."
"Platelets","Platelets"
"Polish Journal of Chemical Technology","Pol. J. Chem. Technol."
"Polycyclic Aromatic Compounds","Polycyclic Aromat. Compd."
"Polyhedron","Polyhedron"
"Polymer","Polymer"
"Polymer (Korea)","Polymer (Korea)"
"Polymer Bulletin (Heidelberg, Germany)","Polym. Bull. (Heidelberg, Ger.)"
"Polymer Chemistry","Polym. Chem."
"Polymer Composites","Polym. Compos."
"Polymer Degradation and Stability","Polym. Degrad. Stab."
"Polymer Engineering & Science","Polym. Eng. Sci."
"Polymer International","Polym. Int."
"Polymer Journal (Tokyo, Japan)","Polym. J. (Tokyo, Jpn.)"
"Polymer Preprints (American Chemical Society, Division of Polymer Chemistry)","Polym. Prepr. (Am. Chem. Soc., Div. Polym. Chem.)"
"Polymer Reviews (Philadelphia, PA, United States)","Polym. Rev. (Philadelphia, PA, U. S.)"
"Polymer Science, Series A","Polym. Sci., Ser. A"
"Polymer Science, Series B","Polym. Sci., Ser. B"
"Polymer Science, Series C","Polym. Sci., Ser. C"
"Polymer Science, Series D","Polym. Sci., Ser. D"
"Polymer Testing","Polym. Test."
"Polymer-Plastics Technology and Engineering","Polym.-Plast. Technol. Eng."
"Polymers & Polymer Composites","Polym. Polym. Compos."
"Polymers (Basel, Switzerland)","Polymers (Basel, Switz.)"
"Polymers for Advanced Technologies","Polym. Adv. Technol."
"Powder Diffraction","Powder Diffr."
"Powder Metallurgy","Powder Metall."
"Powder Metallurgy and Metal Ceramics","Powder Metall. Met. Ceram."
"Powder Technology","Powder Technol."
"Practical Spectroscopy","Pract. Spectrosc."
"Precambrian Research","Precambrian Res."
"Preparative Biochemistry & Biotechnology","Prep. Biochem. Biotechnol."
"Preprints - American Chemical Society, Division of Energy & Fuels","Prepr. - Am. Chem. Soc., Div. Energy Fuels"
"Procedia Materials Science","Procedia Mater. Sci."
"Proceedings of the National Academy of Sciences of the United States of America","Proc. Natl. Acad. Sci. U. S. A."
"Process Biochemistry (Oxford, United Kingdom)","Process Biochem. (Oxford, U. K.)"
"Process Safety and Environmental Protection","Process Saf. Environ. Prot."
"Progress in Colloid and Polymer Science","Prog. Colloid Polym. Sci."
"Progress in Crystal Growth and Characterization of Materials","Prog. Cryst. Growth Charact. Mater."
"Progress in Inorganic Chemistry","Prog. Inorg. Chem."
"Progress in Nuclear Magnetic Resonance Spectroscopy","Prog. Nucl. Magn. Reson. Spectrosc."
"Progress in Organic Coatings","Prog. Org. Coat."
"Progress in Polymer Science","Prog. Polym. Sci."
"Progress in Reaction Kinetics and Mechanism","Prog. React. Kinet. Mech."
"Progress in Solid State Chemistry","Prog. Solid State Chem."
"Progress in Surface Science","Prog. Surf. Sci."
"Propellants, Explosives, Pyrotechnics","Propellants, Explos., Pyrotech."
"Prostaglandins and Other Lipid Mediators","Prostaglandins Other Lipid Mediators"
"Prostaglandins, Leukotrienes and Essential Fatty Acids","Prostaglandins, Leukotrienes Essent. Fatty Acids"
"Protection of Metals and Physical Chemistry of Surfaces","Prot. Met. Phys. Chem. Surf."
"Protein & Peptide Letters","Protein Pept. Lett."
"Protein Engineering, Design & Selection","Protein Eng., Des. Sel."
"Protein Expression and Purification","Protein Expression Purif."
"Protein Journal","Protein J."
"Protein Science","Protein Sci."
"Proteins: Structure, Function, and Bioinformatics","Proteins: Struct., Funct., Bioinf."
"Proteomics","Proteomics"
"Proteomics: Clinical Applications","Proteomics: Clin. Appl."
"Przemysl Chemiczny","Przem. Chem."
"Psychopharmacology (Heidelberg, Germany)","Psychopharmacology (Heidelberg, Ger.)"
"Pteridines","Pteridines"
"Pulmonary Pharmacology & Therapeutics","Pulm. Pharmacol. Ther."
"Pure and Applied Chemistry","Pure Appl. Chem."
"Purinergic Signalling","Purinergic Signalling"
"Quantum Electronics","Quantum Electron."
"Quimica Nova","Quim. Nova"
"RNA","RNA"
"RSC Advances","RSC Adv."
"Radiation Effects and Defects in Solids","Radiat. Eff. Defects Solids"
"Radiation Measurements","Radiat. Meas."
"Radiation Physics and Chemistry","Radiat. Phys. Chem."
"Radiation Research","Radiat. Res."
"Radiochemistry (Moscow, Russian Federation)","Radiochemistry (Moscow, Russ. Fed.)"
"Radiochimica Acta","Radiochim. Acta"
"Radioprotection","Radioprotection"
"Ranliao Huaxue Xuebao","Ranliao Huaxue Xuebao"
"Rapid Communications in Mass Spectrometry","Rapid Commun. Mass Spectrom."
"Rare Metals (Beijing, China)","Rare Met. (Beijing, China)"
"Reaction Chemistry & Engineering","React. Chem. Eng."
"Reaction Kinetics, Mechanisms and Catalysis","React. Kinet., Mech. Catal."
"Reactive & Functional Polymers","React. Funct. Polym."
"Recent Advances in Cardiovascular Drug Discovery","Recent Adv. Cardiovasc. Drug Discovery"
"Recent Advances in DNA & Gene Sequences","Recent Adv. DNA Gene Sequences"
"Recent Patents on Anti-Cancer Drug Discovery","Recent Pat. Anti-Cancer Drug Discovery"
"Recent Patents on Anti-Infective Drug Discovery","Recent Pat. Anti-Infect. Drug Discovery"
"Recent Pat. Biotechnol.","Recent Pat. Biotechnol."
"Recent Patents on CNS Drug Discovery","Recent Pat. CNS Drug Discovery"
"Recent Patents on Drug Delivery & Formulation","Recent Pat. Drug Delivery Formulation"
"Recent Patents on Endocrine, Metabolic & Immune Drug Discovery","Recent Pat. Endocr., Metab. Immune Drug Discovery"
"Recent Patents on Inflammation & Allergy Drug Discovery","Recent Pat. Inflammation Allergy Drug Discovery"
"Recent Patents on Nanotechnology","Recent Pat. Nanotechnol."
"Redox Biology","Redox Biol."
"Regenerative Medicine","Regener. Med."
"Rengong Jingti Xuebao","Rengong Jingti Xuebao"
"Reproduction (Bristol, United Kingdom)","Reproduction (Bristol, U. K.)"
"Reproductive Toxicology","Reprod. Toxicol."
"Research on Chemical Intermediates","Res. Chem. Intermed."
"Review of Scientific Instruments","Rev. Sci. Instrum."
"Reviews in Analytical Chemistry","Rev. Anal. Chem."
"Reviews in Inorganic Chemistry","Rev. Inorg. Chem."
"Revista Mexicana de Ingenieria Quimica","Rev. Mex. Ing. Quim."
"Revista Peruana de Quimica e Ingenieria Quimica","Rev. Peru. Quim. Ing. Quim."
"Revista Romana de Materiale","Rev. Rom. Mater."
"Revista de Chimie (Bucharest, Romania)","Rev. Chim. (Bucharest, Rom.)"
"Revista de la Sociedad Quimica del Peru","Rev. Soc. Quim. Peru"
"Rheologica Acta","Rheol. Acta"
"Rubber Chemistry and Technology","Rubber Chem. Technol."
"Russian Chemical Bulletin","Russ. Chem. Bull."
"Russian Chemical Reviews","Russ. Chem. Rev."
"Russian Journal of Applied Chemistry","Russ. J. Appl. Chem."
"Russian Journal of Bioorganic Chemistry","Russ. J. Bioorg. Chem."
"Russian Journal of Coordination Chemistry","Russ. J. Coord. Chem."
"Russian Journal of Electrochemistry","Russ. J. Electrochem."
"Russian Journal of General Chemistry","Russ. J. Gen. Chem."
"Russian Journal of Genetics","Russ. J. Genet."
"Russian Journal of Inorganic Chemistry","Russ. J. Inorg. Chem."
"Russian Journal of Organic Chemistry","Russ. J. Org. Chem."
"Russian Journal of Physical Chemistry A","Russ. J. Phys. Chem. A"
"Russian Journal of Physical Chemistry B","Russ. J. Phys. Chem. B"
"Russian Journal of Plant Physiology","Russ. J. Plant Physiol."
"SAR and QSAR in Environmental Research","SAR QSAR Environ. Res."
"SPE Production & Operations","SPE Prod. Oper."
"SPE Reservoir Evaluation & Engineering","SPE Reservoir Eval. Eng."
"Science (Washington, DC, United States)","Science (Washington, DC, U. S.)"
"Science China: Chemistry","Sci. China: Chem."
"Science Letters","Sci. Lett."
"Sci. Adv. Mater. Science of Advanced Materials","Sci. Adv. Mater. Science of Advanced Materials"
"Science of Synthesis, Knowledge Updates","Sci. Synth., Knowl. Updates"
"Science of the Total Environment","Sci. Total Environ."
"Scientia Pharmaceutica","Sci. Pharm."
"Scientific Reports","Sci. Rep."
"Scripta Materialia","Scr. Mater."
"Seibutsu Kogaku Kaishi","Seibutsu Kogaku Kaishi"
"Semiconductor Science and Technology","Semicond. Sci. Technol."
"Semiconductors","Semiconductors"
"Sensors and Actuators, A: Physical","Sens. Actuators, A"
"Sensors and Actuators, B: Chemical","Sens. Actuators, B"
"Separation Science and Technology (Philadelphia, PA, United States)","Sep. Sci. Technol. (Philadelphia, PA, U. S.)"
"Separation and Purification Technology","Sep. Purif. Technol."
"Sepu","Sepu"
"Shiyou Huagong","Shiyou Huagong"
"Shiyou Xuebao, Shiyou Jiagong","Shiyou Xuebao, Shiyou Jiagong"
"Shuichuli Jishu","Shuichuli Jishu"
"Silicon","Silicon"
"Small","Small"
"Soft Matter","Soft Matter"
"Soil Biology & Biochemistry","Soil Biol. Biochem."
"Soil Science","Soil Sci."
"Soil Science Society of America Journal","Soil Sci. Soc. Am. J."
"Solar Energy Materials & Solar Cells","Sol. Energy Mater. Sol. Cells"
"Solid Fuel Chemistry","Solid Fuel Chem."
"Solid State Communications","Solid State Commun."
"Solid State Ionics","Solid State Ionics"
"Solid State Nuclear Magnetic Resonance","Solid State Nucl. Magn. Reson."
"Solid State Sciences","Solid State Sci."
"Solid-State Electronics","Solid-State Electron."
"Solvent Extraction Research and Development, Japan","Solvent Extr. Res. Dev., Jpn."
"Solvent Extraction and Ion Exchange","Solvent Extr. Ion Exch."
"South African Journal of Chemistry","S. Afr. J. Chem."
"Spectrochimica Acta, Part A: Molecular and Biomolecular Spectroscopy","Spectrochim. Acta, Part A"
"Spectrochimica Acta, Part B: Atomic Spectroscopy","Spectrochim. Acta, Part B"
"Spectroscopy Letters","Spectrosc. Lett."
"Starch/Staerke","Starch/Staerke"
"Steel Research International","Steel Res. Int."
"Steroids","Steroids"
"Structural Chemistry","Struct. Chem."
"Structural Dynamics","Struct. Dyn."
"Structure (Oxford, United Kingdom)","Structure (Oxford, U. K.)"
"Superconductor Science and Technology","Supercond. Sci. Technol."
"Superlattices and Microstructures","Superlattices Microstruct."
"Supramolecular Chemistry","Supramol. Chem."
"Surface Engineering","Surf. Eng."
"Surface Review and Letters","Surf. Rev. Lett."
"Surface Science","Surf. Sci."
"Surface Science Reports","Surf. Sci. Rep."
"Surface and Coatings Technology","Surf. Coat. Technol."
"Surface and Interface Analysis","Surf. Interface Anal."
"Sustainable Chemical Processes","Sustainable Chem. Processes"
"Synapse (Hoboken, NJ, United States)","Synapse (Hoboken, NJ, U. S.)"
"Synlett","Synlett"
"Synthesis","Synthesis"
"Synthesis and Reactivity in Inorganic, Metal-Organic, and Nano-Metal Chemistry","Synth. React. Inorg., Met.-Org., Nano-Met. Chem."
"Synthetic Communications","Synth. Commun."
"Synthetic Metals","Synth. Met."
"Taehan Kumsok, Chaeryo Hakhoechi","Taehan Kumsok, Chaeryo Hakhoechi"
"Talanta","Talanta"
"Tappi Journal","Tappi J."
"Technical Physics","Tech. Phys."
"Technical Physics Letters","Tech. Phys. Lett."
"Tenside, Surfactants, Detergents","Tenside, Surfactants, Deterg."
"Tetrahedron","Tetrahedron"
"Tetrahedron Letters","Tetrahedron Lett."
"Tetrahedron: Asymmetry","Tetrahedron: Asymmetry"
"Textile Research Journal","Text. Res. J."
"Theoretical Chemistry Accounts","Theor. Chem. Acc."
"Theoretical Foundations of Chemical Engineering","Theor. Found. Chem. Eng."
"Theoretical and Experimental Chemistry","Theor. Exp. Chem."
"Therapeutic Advances in Gastroenterology","Therap. Adv. Gastroenterol."
"Therapeutic Delivery","Ther. Delivery"
"Thermochimica Acta","Thermochim. Acta"
"Thin Solid Films","Thin Solid Films"
"Thrombosis Research","Thromb. Res."
"Tonkie Khimicheskie Tekhnologii","Tonkie Khim. Tekhnol."
"Topics in Catalysis","Top. Catal."
"Toxicological & Environmental Chemistry","Toxicol. Environ. Chem."
"Toxicological Sciences","Toxicol. Sci."
"Toxicology","Toxicology"
"Toxicology In Vitro","Toxicol. In Vitro"
"Toxicology Letters","Toxicol. Lett."
"Toxicology Mechanisms and Methods","Toxicol. Mech. Methods"
"Toxicology Research (Cambridge, United Kingdom)","Toxicol. Res. (Cambridge, U. K.)"
"Toxicology and Applied Pharmacology","Toxicol. Appl. Pharmacol."
"Toxicon","Toxicon"
"TrAC, Trends in Analytical Chemistry","TrAC, Trends Anal. Chem."
"Traffic (Oxford, United Kingdom)","Traffic (Oxford, U. K.)"
"Transactions of the Indian Ceramic Society","Trans. Indian Ceram. Soc."
"Transactions of the Institute of Metal Finishing","Trans. Inst. Met. Finish."
"Transgenic Research","Transgenic Res."
"Transition Metal Chemistry (Dordrecht, Netherlands)","Transition Met. Chem. (Dordrecht, Neth.)"
"Trends in Biochemical Sciences","Trends Biochem. Sci."
"Trends in Biotechnology","Trends Biotechnol."
"Trends in Carbohydrate Research","Trends Carbohydr. Res."
"Trends in Endocrinology and Metabolism","Trends Endocrinol. Metab."
"Trends in Environmental Analytical Chemistry","Trends Environ. Anal. Chem."
"Trends in Food Science & Technology","Trends Food Sci. Technol."
"Trends in Genetics","Trends Genet."
"Trends in Immunology","Trends Immunol."
"Trends in Microbiology","Trends Microbiol."
"Trends in Neurosciences","Trends Neurosci."
"Trends in Pharmacological Sciences","Trends Pharmacol. Sci."
"Trends in Plant Science","Trends Plant Sci."
"Tribology Transactions","Tribol. Trans."
"Turkish Journal of Chemistry","Turk. J. Chem."
"Ukrainian Biochemical Journal","Ukr. Biochem. J."
"Ukrainica Bioorganica Acta","Ukr. Bioorg. Acta"
"Ukrainskii Khimicheskii Zhurnal (Russian Edition)","Ukr. Khim. Zh. (Russ. Ed.)"
"Ultramicroscopy","Ultramicroscopy"
"Ultrasonics Sonochemistry","Ultrason. Sonochem."
"Vacuum","Vacuum"
"Vascular Pharmacology","Vasc. Pharmacol."
"Vestnik Moskovskogo Universiteta, Seriya 2: Khimiya","Vestn. Mosk. Univ., Ser. 2: Khim."
"Vestnik Moskovskogo Universiteta, Seriya 2: Khimiya","Vestn. Mosk. Univ., Ser. 2: Khim."
"Vestsi Natsyyanal'nai Akademii Navuk Belarusi, Seryya Khimichnykh Navuk","Vestsi Nats. Akad. Navuk Belarusi, Ser. Khim. Navuk"
"Vibrational Spectroscopy","Vib. Spectrosc."
"Viral Immunology","Viral Immunol."
"Virology","Virology"
"Virus Genes","Virus Genes"
"Virus Research","Virus Res."
"Water Environment Research","Water Environ. Res."
"Water Quality Research Journal of Canada","Water Qual. Res. J. Can."
"Water Research","Water Res."
"Water Resources","Water Resour."
"Water, Air, & Soil Pollution","Water, Air, Soil Pollut."
"Wear","Wear"
"Women's Health","Women's Health"
"Wood Science and Technology","Wood Sci. Technol."
"Wood and Fiber Science","Wood Fiber Sci."
"World Journal of Condensed Matter Physics","World J. Condens. Matter Phys."
"World journal of virology","World J. Virol."
"Wuji Huaxue Xuebao","Wuji Huaxue Xuebao"
"Wuli Huaxue Xuebao","Wuli Huaxue Xuebao"
"Wuli Xuebao","Wuli Xuebao"
"X-Ray Spectrometry","X-Ray Spectrom."
"X-Ray Structure Analysis Online","X-Ray Struct. Anal. Online"
"Xenobiotica","Xenobiotica"
"Yakhak Hoechi","Yakhak Hoechi"
"Yakugaku Zasshi","Yakugaku Zasshi"
"Yeast","Yeast"
"Yingxiang Kexue Yu Guang Huaxue","Yingxiang Kexue Yu Guang Huaxue"
"Yingyong Huaxue","Yingyong Huaxue"
"Yosetsu Gakkai Ronbunshu","Yosetsu Gakkai Ronbunshu"
"Youji Huaxue","Youji Huaxue"
"Yuki Gosei Kagaku Kyokaishi","Yuki Gosei Kagaku Kyokaishi"
"Zeitschrift fuer Anorganische und Allgemeine Chemie","Z. Anorg. Allg. Chem."
"Zeitschrift fuer Kristallographie - Crystalline Materials","Z. Kristallogr. - Cryst. Mater."
"Zeitschrift fuer Kristallographie - New Crystal Structures","Z. Kristallogr. - New Cryst. Struct."
"Zeitschrift fuer Lebensmittel-Untersuchung und -Forschung A: European Food Research and Technology","Z. Lebensm.-Unters. Forsch. A"
"Zeitschrift fuer Naturforschung, A: Physical Sciences","Z. Naturforsch., A: Phys. Sci."
"Zeitschrift fuer Naturforschung, B: A Journal of Chemical Sciences","Z. Naturforsch., B: J. Chem. Sci."
"Zeitschrift fuer Naturforschung, C: Journal of Biosciences","Z. Naturforsch., C: J. Biosci."
"Zeitschrift fuer Physikalische Chemie (Muenchen, Germany)","Z. Phys. Chem. (Muenchen, Ger.)"
"Zhipu Xuebao","Zhipu Xuebao"
"Zhongguo Shengwu Huaxue Yu Fenzi Shengwu Xuebao","Zhongguo Shengwu Huaxue Yu Fenzi Shengwu Xuebao"
"Zhongguo Wuji Fenxi Huaxue","Zhongguo Wuji Fenxi Huaxue"
